"Date Time, GMT-07:00","Temp, °C","Water Detect","Low Power Warning","End Of File"
25-04-15 09:00:00,9.95,,,
25-04-15 09:10:00,9.98,,,
25-04-15 09:20:00,10.03,,,
25-04-15 09:30:00,10.07,,,
25-04-15 09:40:00,10.07,,,
25-04-15 09:50:00,10.15,,,
25-04-15 10:00:00,10.10,,,
25-04-15 10:10:00,10.11,,,
25-04-15 10:20:00,10.14,,,
25-04-15 10:30:00,10.13,,,
25-04-15 10:40:00,10.22,,,
25-04-15 10:50:00,10.21,,,
25-04-15 11:00:00,10.30,,,
25-04-15 11:10:00,10.35,,,
25-04-15 11:20:00,10.36,,,
25-04-15 11:30:00,10.26,,,
25-04-15 11:40:00,10.38,,,
25-04-15 11:50:00,10.39,,,
25-04-15 12:00:00,10.42,,,
25-04-15 12:10:00,10.39,,,
25-04-15 12:20:00,10.41,,,
25-04-15 12:30:00,10.43,,,
25-04-15 12:40:00,10.70,,,
25-04-15 12:50:00,11.05,,,
25-04-15 13:00:00,11.15,,,
25-04-15 13:10:00,11.20,,,
25-04-15 13:20:00,11.15,,,
25-04-15 13:30:00,11.12,,,
25-04-15 13:40:00,10.96,,,
25-04-15 13:50:00,11.19,,,
25-04-15 14:00:00,11.17,,,
25-04-15 14:10:00,11.25,,,
25-04-15 14:20:00,11.23,,,
25-04-15 14:30:00,11.34,,,
25-04-15 14:40:00,11.15,,,
25-04-15 14:50:00,11.20,,,
25-04-15 15:00:00,11.24,,,
25-04-15 15:10:00,11.25,,,
25-04-15 15:20:00,11.34,,,
25-04-15 15:30:00,11.36,,,
25-04-15 15:40:00,11.36,,,
25-04-15 15:50:00,11.29,,,
25-04-15 16:00:00,11.32,,,
25-04-15 16:10:00,11.31,,,
25-04-15 16:20:00,11.47,,,
25-04-15 16:30:00,11.42,,,
25-04-15 16:40:00,11.38,,,
25-04-15 16:50:00,11.36,,,
25-04-15 17:00:00,11.47,,,
25-04-15 17:10:00,11.31,,,
25-04-15 17:20:00,11.39,,,
25-04-15 17:30:00,11.45,,,
25-04-15 17:40:00,11.36,,,
25-04-15 17:50:00,11.42,,,
25-04-15 18:00:00,11.31,,,
25-04-15 18:10:00,11.37,,,
25-04-15 18:20:00,11.26,,,
25-04-15 18:30:00,11.24,,,
25-04-15 18:40:00,11.37,,,
25-04-15 18:50:00,11.40,,,
25-04-15 19:00:00,11.42,,,
25-04-15 19:10:00,11.34,,,
25-04-15 19:20:00,11.32,,,
25-04-15 19:30:00,11.26,,,
25-04-15 19:40:00,11.24,,,
25-04-15 19:50:00,11.22,,,
25-04-15 20:00:00,11.18,,,
25-04-15 20:10:00,11.19,,,
25-04-15 20:20:00,11.16,,,
25-04-15 20:30:00,11.13,,,
25-04-15 20:40:00,11.08,,,
25-04-15 20:50:00,11.12,,,
25-04-15 21:00:00,11.14,,,
25-04-15 21:10:00,11.12,,,
25-04-15 21:20:00,11.10,,,
25-04-15 21:30:00,11.07,,,
25-04-15 21:40:00,11.04,,,
25-04-15 21:50:00,11.04,,,
25-04-15 22:00:00,11.00,,,
25-04-15 22:10:00,10.96,,,
25-04-15 22:20:00,11.00,,,
25-04-15 22:30:00,11.02,,,
25-04-15 22:40:00,11.02,,,
25-04-15 22:50:00,10.99,,,
25-04-15 23:00:00,10.98,,,
25-04-15 23:10:00,10.89,,,
25-04-15 23:20:00,10.86,,,
25-04-15 23:30:00,10.90,,,
25-04-15 23:40:00,10.88,,,
25-04-15 23:50:00,10.86,,,
25-04-16 00:00:00,10.83,,,
25-04-16 00:10:00,10.75,,,
25-04-16 00:20:00,10.71,,,
25-04-16 00:30:00,10.72,,,
25-04-16 00:40:00,10.73,,,
25-04-16 00:50:00,10.69,,,
25-04-16 01:00:00,10.73,,,
25-04-16 01:10:00,10.74,,,
25-04-16 01:20:00,10.72,,,
25-04-16 01:30:00,10.68,,,
25-04-16 01:40:00,10.69,,,
25-04-16 01:50:00,10.68,,,
25-04-16 02:00:00,10.66,,,
25-04-16 02:10:00,10.67,,,
25-04-16 02:20:00,10.66,,,
25-04-16 02:30:00,10.62,,,
25-04-16 02:40:00,10.60,,,
25-04-16 02:50:00,10.64,,,
25-04-16 03:00:00,10.59,,,
25-04-16 03:10:00,10.57,,,
25-04-16 03:20:00,10.57,,,
25-04-16 03:30:00,10.57,,,
25-04-16 03:40:00,10.52,,,
25-04-16 03:50:00,10.48,,,
25-04-16 04:00:00,10.50,,,
25-04-16 04:10:00,10.50,,,
25-04-16 04:20:00,10.49,,,
25-04-16 04:30:00,10.48,,,
25-04-16 04:40:00,10.45,,,
25-04-16 04:50:00,10.42,,,
25-04-16 05:00:00,10.39,,,
25-04-16 05:10:00,10.36,,,
25-04-16 05:20:00,10.33,,,
25-04-16 05:30:00,10.30,,,
25-04-16 05:40:00,10.25,,,
25-04-16 05:50:00,10.27,,,
25-04-16 06:00:00,10.28,,,
25-04-16 06:10:00,10.24,,,
25-04-16 06:20:00,10.18,,,
25-04-16 06:30:00,10.21,,,
25-04-16 06:40:00,10.22,,,
25-04-16 06:50:00,10.21,,,
25-04-16 07:00:00,10.21,,,
25-04-16 07:10:00,10.19,,,
25-04-16 07:20:00,10.18,,,
25-04-16 07:30:00,10.16,,,
25-04-16 07:40:00,10.13,,,
25-04-16 07:50:00,10.13,,,
25-04-16 08:00:00,10.14,,,
25-04-16 08:10:00,10.10,,,
25-04-16 08:20:00,10.06,,,
25-04-16 08:30:00,10.04,,,
25-04-16 08:40:00,10.11,,,
25-04-16 08:50:00,10.11,,,
25-04-16 09:00:00,10.12,,,
25-04-16 09:10:00,10.11,,,
25-04-16 09:20:00,10.05,,,
25-04-16 09:30:00,10.05,,,
25-04-16 09:40:00,10.03,,,
25-04-16 09:50:00,10.07,,,
25-04-16 10:00:00,10.12,,,
25-04-16 10:10:00,10.13,,,
25-04-16 10:20:00,10.15,,,
25-04-16 10:30:00,10.16,,,
25-04-16 10:40:00,10.24,,,
25-04-16 10:50:00,10.21,,,
25-04-16 11:00:00,10.35,,,
25-04-16 11:10:00,10.29,,,
25-04-16 11:20:00,10.29,,,
25-04-16 11:30:00,10.27,,,
25-04-16 11:40:00,10.40,,,
25-04-16 11:50:00,10.36,,,
25-04-16 12:00:00,10.46,,,
25-04-16 12:10:00,10.39,,,
25-04-16 12:20:00,10.48,,,
25-04-16 12:30:00,10.45,,,
25-04-16 12:40:00,10.33,,,
25-04-16 12:50:00,10.37,,,
25-04-16 13:00:00,10.34,,,
25-04-16 13:10:00,10.74,,,
25-04-16 13:20:00,10.69,,,
25-04-16 13:30:00,10.78,,,
25-04-16 13:40:00,10.86,,,
25-04-16 13:50:00,10.88,,,
25-04-16 14:00:00,10.88,,,
25-04-16 14:10:00,10.95,,,
25-04-16 14:20:00,11.01,,,
25-04-16 14:30:00,11.04,,,
25-04-16 14:40:00,10.99,,,
25-04-16 14:50:00,11.07,,,
25-04-16 15:00:00,11.05,,,
25-04-16 15:10:00,11.20,,,
25-04-16 15:20:00,11.25,,,
25-04-16 15:30:00,11.20,,,
25-04-16 15:40:00,11.34,,,
25-04-16 15:50:00,11.38,,,
25-04-16 16:00:00,11.40,,,
25-04-16 16:10:00,11.22,,,
25-04-16 16:20:00,11.47,,,
25-04-16 16:30:00,11.63,,,
25-04-16 16:40:00,11.41,,,
25-04-16 16:50:00,11.32,,,
25-04-16 17:00:00,11.55,,,
25-04-16 17:10:00,11.36,,,
25-04-16 17:20:00,11.48,,,
25-04-16 17:30:00,11.36,,,
25-04-16 17:40:00,11.27,,,
25-04-16 17:50:00,11.29,,,
25-04-16 18:00:00,11.12,,,
25-04-16 18:10:00,11.16,,,
25-04-16 18:20:00,11.04,,,
25-04-16 18:30:00,10.95,,,
25-04-16 18:40:00,11.08,,,
25-04-16 18:50:00,11.12,,,
25-04-16 19:00:00,11.17,,,
25-04-16 19:10:00,11.20,,,
25-04-16 19:20:00,11.26,,,
25-04-16 19:30:00,11.27,,,
25-04-16 19:40:00,11.11,,,
25-04-16 19:50:00,10.97,,,
25-04-16 20:00:00,11.04,,,
25-04-16 20:10:00,11.13,,,
25-04-16 20:20:00,11.16,,,
25-04-16 20:30:00,11.19,,,
25-04-16 20:40:00,10.75,,,
25-04-16 20:50:00,10.53,,,
25-04-16 21:00:00,10.64,,,
25-04-16 21:10:00,10.64,,,
25-04-16 21:20:00,10.68,,,
25-04-16 21:30:00,10.57,,,
25-04-16 21:40:00,10.69,,,
25-04-16 21:50:00,10.57,,,
25-04-16 22:00:00,10.62,,,
25-04-16 22:10:00,10.46,,,
25-04-16 22:20:00,10.41,,,
25-04-16 22:30:00,10.34,,,
25-04-16 22:40:00,10.40,,,
25-04-16 22:50:00,10.41,,,
25-04-16 23:00:00,10.38,,,
25-04-16 23:10:00,10.35,,,
25-04-16 23:20:00,10.35,,,
25-04-16 23:30:00,10.34,,,
25-04-16 23:40:00,10.31,,,
25-04-16 23:50:00,10.34,,,
25-04-17 00:00:00,10.30,,,
25-04-17 00:10:00,10.28,,,
25-04-17 00:20:00,10.30,,,
25-04-17 00:30:00,10.30,,,
25-04-17 00:40:00,10.29,,,
25-04-17 00:50:00,10.27,,,
25-04-17 01:00:00,10.26,,,
25-04-17 01:10:00,10.26,,,
25-04-17 01:20:00,10.24,,,
25-04-17 01:30:00,10.27,,,
25-04-17 01:40:00,10.25,,,
25-04-17 01:50:00,10.20,,,
25-04-17 02:00:00,10.15,,,
25-04-17 02:10:00,10.12,,,
25-04-17 02:20:00,10.14,,,
25-04-17 02:30:00,10.23,,,
25-04-17 02:40:00,10.16,,,
25-04-17 02:50:00,10.19,,,
25-04-17 03:00:00,10.20,,,
25-04-17 03:10:00,10.14,,,
25-04-17 03:20:00,10.13,,,
25-04-17 03:30:00,10.14,,,
25-04-17 03:40:00,10.15,,,
25-04-17 03:50:00,10.22,,,
25-04-17 04:00:00,10.24,,,
25-04-17 04:10:00,10.20,,,
25-04-17 04:20:00,10.19,,,
25-04-17 04:30:00,10.11,,,
25-04-17 04:40:00,10.16,,,
25-04-17 04:50:00,9.93,,,
25-04-17 05:00:00,9.80,,,
25-04-17 05:10:00,9.90,,,
25-04-17 05:20:00,9.92,,,
25-04-17 05:30:00,9.95,,,
25-04-17 05:40:00,9.99,,,
25-04-17 05:50:00,10.15,,,
25-04-17 06:00:00,10.13,,,
25-04-17 06:10:00,10.03,,,
25-04-17 06:20:00,9.97,,,
25-04-17 06:30:00,9.96,,,
25-04-17 06:40:00,9.98,,,
25-04-17 06:50:00,10.01,,,
25-04-17 07:00:00,10.05,,,
25-04-17 07:10:00,10.01,,,
25-04-17 07:20:00,9.91,,,
25-04-17 07:30:00,9.93,,,
25-04-17 07:40:00,9.95,,,
25-04-17 07:50:00,9.95,,,
25-04-17 08:00:00,10.00,,,
25-04-17 08:10:00,9.99,,,
25-04-17 08:20:00,9.98,,,
25-04-17 08:30:00,9.99,,,
25-04-17 08:40:00,10.01,,,
25-04-17 08:50:00,10.07,,,
25-04-17 09:00:00,9.95,,,
25-04-17 09:10:00,10.06,,,
25-04-17 09:20:00,10.09,,,
25-04-17 09:30:00,10.00,,,
25-04-17 09:40:00,10.09,,,
25-04-17 09:50:00,10.09,,,
25-04-17 10:00:00,10.14,,,
25-04-17 10:10:00,10.23,,,
25-04-17 10:20:00,10.23,,,
25-04-17 10:30:00,10.24,,,
25-04-17 10:40:00,10.30,,,
25-04-17 10:50:00,10.34,,,
25-04-17 11:00:00,10.20,,,
25-04-17 11:10:00,10.10,,,
25-04-17 11:20:00,10.20,,,
25-04-17 11:30:00,10.22,,,
25-04-17 11:40:00,10.30,,,
25-04-17 11:50:00,10.36,,,
25-04-17 12:00:00,10.42,,,
25-04-17 12:10:00,10.46,,,
25-04-17 12:20:00,10.57,,,
25-04-17 12:30:00,10.56,,,
25-04-17 12:40:00,10.81,,,
25-04-17 12:50:00,10.68,,,
25-04-17 13:00:00,10.79,,,
25-04-17 13:10:00,11.17,,,
25-04-17 13:20:00,11.26,,,
25-04-17 13:30:00,10.89,,,
25-04-17 13:40:00,10.99,,,
25-04-17 13:50:00,11.19,,,
25-04-17 14:00:00,11.15,,,
25-04-17 14:10:00,10.75,,,
25-04-17 14:20:00,10.94,,,
25-04-17 14:30:00,11.39,,,
25-04-17 14:40:00,10.97,,,
25-04-17 14:50:00,10.74,,,
25-04-17 15:00:00,10.71,,,
25-04-17 15:10:00,10.82,,,
25-04-17 15:20:00,10.78,,,
25-04-17 15:30:00,11.18,,,
25-04-17 15:40:00,10.82,,,
25-04-17 15:50:00,11.42,,,
25-04-17 16:00:00,11.28,,,
25-04-17 16:10:00,10.84,,,
25-04-17 16:20:00,10.93,,,
25-04-17 16:30:00,11.00,,,
25-04-17 16:40:00,10.86,,,
25-04-17 16:50:00,11.43,,,
25-04-17 17:00:00,11.44,,,
25-04-17 17:10:00,11.53,,,
25-04-17 17:20:00,11.22,,,
25-04-17 17:30:00,11.08,,,
25-04-17 17:40:00,10.97,,,
25-04-17 17:50:00,10.79,,,
25-04-17 18:00:00,11.18,,,
25-04-17 18:10:00,11.58,,,
25-04-17 18:20:00,11.94,,,
25-04-17 18:30:00,11.41,,,
25-04-17 18:40:00,11.05,,,
25-04-17 18:50:00,11.00,,,
25-04-17 19:00:00,11.08,,,
25-04-17 19:10:00,11.04,,,
25-04-17 19:20:00,11.33,,,
25-04-17 19:30:00,11.57,,,
25-04-17 19:40:00,11.02,,,
25-04-17 19:50:00,10.95,,,
25-04-17 20:00:00,11.03,,,
25-04-17 20:10:00,10.95,,,
25-04-17 20:20:00,10.70,,,
25-04-17 20:30:00,10.55,,,
25-04-17 20:40:00,10.52,,,
25-04-17 20:50:00,10.48,,,
25-04-17 21:00:00,10.42,,,
25-04-17 21:10:00,10.50,,,
25-04-17 21:20:00,10.45,,,
25-04-17 21:30:00,10.46,,,
25-04-17 21:40:00,10.45,,,
25-04-17 21:50:00,10.59,,,
25-04-17 22:00:00,10.36,,,
25-04-17 22:10:00,10.40,,,
25-04-17 22:20:00,10.27,,,
25-04-17 22:30:00,10.38,,,
25-04-17 22:40:00,10.48,,,
25-04-17 22:50:00,10.42,,,
25-04-17 23:00:00,10.43,,,
25-04-17 23:10:00,10.29,,,
25-04-17 23:20:00,10.24,,,
25-04-17 23:30:00,10.18,,,
25-04-17 23:40:00,10.31,,,
25-04-17 23:50:00,10.30,,,
25-04-18 00:00:00,10.33,,,
25-04-18 00:10:00,10.04,,,
25-04-18 00:20:00,10.14,,,
25-04-18 00:30:00,10.18,,,
25-04-18 00:40:00,10.18,,,
25-04-18 00:50:00,10.14,,,
25-04-18 01:00:00,10.11,,,
25-04-18 01:10:00,10.12,,,
25-04-18 01:20:00,10.10,,,
25-04-18 01:30:00,10.09,,,
25-04-18 01:40:00,10.07,,,
25-04-18 01:50:00,10.07,,,
25-04-18 02:00:00,10.03,,,
25-04-18 02:10:00,10.03,,,
25-04-18 02:20:00,9.98,,,
25-04-18 02:30:00,10.00,,,
25-04-18 02:40:00,9.99,,,
25-04-18 02:50:00,10.00,,,
25-04-18 03:00:00,10.01,,,
25-04-18 03:10:00,9.99,,,
25-04-18 03:20:00,10.00,,,
25-04-18 03:30:00,10.01,,,
25-04-18 03:40:00,10.00,,,
25-04-18 03:50:00,9.96,,,
25-04-18 04:00:00,10.01,,,
25-04-18 04:10:00,10.01,,,
25-04-18 04:20:00,9.91,,,
25-04-18 04:30:00,9.92,,,
25-04-18 04:40:00,9.94,,,
25-04-18 04:50:00,9.91,,,
25-04-18 05:00:00,9.92,,,
25-04-18 05:10:00,9.83,,,
25-04-18 05:20:00,9.76,,,
25-04-18 05:30:00,9.93,,,
25-04-18 05:40:00,9.93,,,
25-04-18 05:50:00,10.03,,,
25-04-18 06:00:00,10.04,,,
25-04-18 06:10:00,10.07,,,
25-04-18 06:20:00,10.09,,,
25-04-18 06:30:00,10.10,,,
25-04-18 06:40:00,10.11,,,
25-04-18 06:50:00,10.19,,,
25-04-18 07:00:00,10.14,,,
25-04-18 07:10:00,10.14,,,
25-04-18 07:20:00,10.18,,,
25-04-18 07:30:00,10.20,,,
25-04-18 07:40:00,10.19,,,
25-04-18 07:50:00,10.12,,,
25-04-18 08:00:00,10.13,,,
25-04-18 08:10:00,10.14,,,
25-04-18 08:20:00,10.20,,,
25-04-18 08:30:00,10.19,,,
25-04-18 08:40:00,10.14,,,
25-04-18 08:50:00,10.20,,,
25-04-18 09:00:00,10.25,,,
25-04-18 09:10:00,10.30,,,
25-04-18 09:20:00,10.31,,,
25-04-18 09:30:00,10.41,,,
25-04-18 09:40:00,10.46,,,
25-04-18 09:50:00,10.45,,,
25-04-18 10:00:00,10.41,,,
25-04-18 10:10:00,10.63,,,
25-04-18 10:20:00,10.68,,,
25-04-18 10:30:00,10.52,,,
25-04-18 10:40:00,10.78,,,
25-04-18 10:50:00,10.63,,,
25-04-18 11:00:00,10.58,,,
25-04-18 11:10:00,10.60,,,
25-04-18 11:20:00,10.72,,,
25-04-18 11:30:00,10.82,,,
25-04-18 11:40:00,10.80,,,
25-04-18 11:50:00,10.86,,,
25-04-18 12:00:00,10.89,,,
25-04-18 12:10:00,11.07,,,
25-04-18 12:20:00,10.93,,,
25-04-18 12:30:00,10.77,,,
25-04-18 12:40:00,11.19,,,
25-04-18 12:50:00,11.51,,,
25-04-18 13:00:00,11.61,,,
25-04-18 13:10:00,11.57,,,
25-04-18 13:20:00,11.68,,,
25-04-18 13:30:00,11.24,,,
25-04-18 13:40:00,11.55,,,
25-04-18 13:50:00,11.57,,,
25-04-18 14:00:00,11.19,,,
25-04-18 14:10:00,11.29,,,
25-04-18 14:20:00,11.38,,,
25-04-18 14:30:00,12.04,,,
25-04-18 14:40:00,11.48,,,
25-04-18 14:50:00,11.24,,,
25-04-18 15:00:00,11.56,,,
25-04-18 15:10:00,12.04,,,
25-04-18 15:20:00,12.50,,,
25-04-18 15:30:00,12.17,,,
25-04-18 15:40:00,11.89,,,
25-04-18 15:50:00,11.73,,,
25-04-18 16:00:00,11.81,,,
25-04-18 16:10:00,11.68,,,
25-04-18 16:20:00,11.60,,,
25-04-18 16:30:00,11.63,,,
25-04-18 16:40:00,11.85,,,
25-04-18 16:50:00,12.22,,,
25-04-18 17:00:00,12.07,,,
25-04-18 17:10:00,11.86,,,
25-04-18 17:20:00,12.21,,,
25-04-18 17:30:00,12.07,,,
25-04-18 17:40:00,12.05,,,
25-04-18 17:50:00,12.08,,,
25-04-18 18:00:00,12.35,,,
25-04-18 18:10:00,11.94,,,
25-04-18 18:20:00,11.79,,,
25-04-18 18:30:00,12.10,,,
25-04-18 18:40:00,12.04,,,
25-04-18 18:50:00,11.99,,,
25-04-18 19:00:00,12.00,,,
25-04-18 19:10:00,11.92,,,
25-04-18 19:20:00,11.61,,,
25-04-18 19:30:00,11.17,,,
25-04-18 19:40:00,11.13,,,
25-04-18 19:50:00,11.19,,,
25-04-18 20:00:00,11.60,,,
25-04-18 20:10:00,11.85,,,
25-04-18 20:20:00,11.69,,,
25-04-18 20:30:00,11.72,,,
25-04-18 20:40:00,11.60,,,
25-04-18 20:50:00,11.82,,,
25-04-18 21:00:00,11.83,,,
25-04-18 21:10:00,11.82,,,
25-04-18 21:20:00,11.84,,,
25-04-18 21:30:00,11.84,,,
25-04-18 21:40:00,11.78,,,
25-04-18 21:50:00,11.75,,,
25-04-18 22:00:00,11.73,,,
25-04-18 22:10:00,11.62,,,
25-04-18 22:20:00,11.53,,,
25-04-18 22:30:00,11.54,,,
25-04-18 22:40:00,11.48,,,
25-04-18 22:50:00,11.48,,,
25-04-18 23:00:00,11.48,,,
25-04-18 23:10:00,11.44,,,
25-04-18 23:20:00,11.37,,,
25-04-18 23:30:00,11.45,,,
25-04-18 23:40:00,11.41,,,
25-04-18 23:50:00,11.29,,,
25-04-19 00:00:00,11.30,,,
25-04-19 00:10:00,11.28,,,
25-04-19 00:20:00,11.26,,,
25-04-19 00:30:00,11.23,,,
25-04-19 00:40:00,11.24,,,
25-04-19 00:50:00,11.22,,,
25-04-19 01:00:00,11.19,,,
25-04-19 01:10:00,11.23,,,
25-04-19 01:20:00,11.25,,,
25-04-19 01:30:00,11.24,,,
25-04-19 01:40:00,11.23,,,
25-04-19 01:50:00,11.24,,,
25-04-19 02:00:00,11.25,,,
25-04-19 02:10:00,11.22,,,
25-04-19 02:20:00,11.22,,,
25-04-19 02:30:00,11.22,,,
25-04-19 02:40:00,11.18,,,
25-04-19 02:50:00,11.18,,,
25-04-19 03:00:00,11.15,,,
25-04-19 03:10:00,11.12,,,
25-04-19 03:20:00,11.09,,,
25-04-19 03:30:00,11.07,,,
25-04-19 03:40:00,11.04,,,
25-04-19 03:50:00,11.03,,,
25-04-19 04:00:00,11.01,,,
25-04-19 04:10:00,11.01,,,
25-04-19 04:20:00,11.03,,,
25-04-19 04:30:00,11.01,,,
25-04-19 04:40:00,11.00,,,
25-04-19 04:50:00,10.95,,,
25-04-19 05:00:00,10.92,,,
25-04-19 05:10:00,10.77,,,
25-04-19 05:20:00,10.79,,,
25-04-19 05:30:00,10.83,,,
25-04-19 05:40:00,10.80,,,
25-04-19 05:50:00,10.82,,,
25-04-19 06:00:00,10.77,,,
25-04-19 06:10:00,10.73,,,
25-04-19 06:20:00,10.71,,,
25-04-19 06:30:00,10.68,,,
25-04-19 06:40:00,10.64,,,
25-04-19 06:50:00,10.63,,,
25-04-19 07:00:00,10.63,,,
25-04-19 07:10:00,10.58,,,
25-04-19 07:20:00,10.49,,,
25-04-19 07:30:00,10.44,,,
25-04-19 07:40:00,10.44,,,
25-04-19 07:50:00,10.37,,,
25-04-19 08:00:00,10.39,,,
25-04-19 08:10:00,10.40,,,
25-04-19 08:20:00,10.42,,,
25-04-19 08:30:00,10.36,,,
25-04-19 08:40:00,10.40,,,
25-04-19 08:50:00,10.34,,,
25-04-19 09:00:00,10.40,,,
25-04-19 09:10:00,10.35,,,
25-04-19 09:20:00,10.33,,,
25-04-19 09:30:00,10.33,,,
25-04-19 09:40:00,10.34,,,
25-04-19 09:50:00,10.35,,,
25-04-19 10:00:00,10.34,,,
25-04-19 10:10:00,10.34,,,
25-04-19 10:20:00,10.35,,,
25-04-19 10:30:00,10.40,,,
25-04-19 10:40:00,10.40,,,
25-04-19 10:50:00,10.44,,,
25-04-19 11:00:00,10.42,,,
25-04-19 11:10:00,10.42,,,
25-04-19 11:20:00,10.46,,,
25-04-19 11:30:00,10.54,,,
25-04-19 11:40:00,10.73,,,
25-04-19 11:50:00,10.55,,,
25-04-19 12:00:00,10.78,,,
25-04-19 12:10:00,10.72,,,
25-04-19 12:20:00,10.64,,,
25-04-19 12:30:00,10.58,,,
25-04-19 12:40:00,10.59,,,
25-04-19 12:50:00,10.58,,,
25-04-19 13:00:00,10.74,,,
25-04-19 13:10:00,10.86,,,
25-04-19 13:20:00,10.86,,,
25-04-19 13:30:00,10.73,,,
25-04-19 13:40:00,10.75,,,
25-04-19 13:50:00,10.74,,,
25-04-19 14:00:00,10.96,,,
25-04-19 14:10:00,10.78,,,
25-04-19 14:20:00,10.71,,,
25-04-19 14:30:00,10.93,,,
25-04-19 14:40:00,10.87,,,
25-04-19 14:50:00,10.94,,,
25-04-19 15:00:00,10.86,,,
25-04-19 15:10:00,10.95,,,
25-04-19 15:20:00,11.10,,,
25-04-19 15:30:00,10.98,,,
25-04-19 15:40:00,11.07,,,
25-04-19 15:50:00,11.03,,,
25-04-19 16:00:00,11.11,,,
25-04-19 16:10:00,11.42,,,
25-04-19 16:20:00,11.44,,,
25-04-19 16:30:00,11.42,,,
25-04-19 16:40:00,11.49,,,
25-04-19 16:50:00,11.53,,,
25-04-19 17:00:00,11.81,,,
25-04-19 17:10:00,11.87,,,
25-04-19 17:20:00,11.98,,,
25-04-19 17:30:00,11.98,,,
25-04-19 17:40:00,12.00,,,
25-04-19 17:50:00,11.94,,,
25-04-19 18:00:00,11.97,,,
25-04-19 18:10:00,11.75,,,
25-04-19 18:20:00,11.66,,,
25-04-19 18:30:00,11.79,,,
25-04-19 18:40:00,11.79,,,
25-04-19 18:50:00,11.78,,,
25-04-19 19:00:00,11.75,,,
25-04-19 19:10:00,11.76,,,
25-04-19 19:20:00,11.68,,,
25-04-19 19:30:00,11.53,,,
25-04-19 19:40:00,11.59,,,
25-04-19 19:50:00,11.70,,,
25-04-19 20:00:00,11.71,,,
25-04-19 20:10:00,11.64,,,
25-04-19 20:20:00,11.51,,,
25-04-19 20:30:00,11.47,,,
25-04-19 20:40:00,11.48,,,
25-04-19 20:50:00,11.52,,,
25-04-19 21:00:00,11.57,,,
25-04-19 21:10:00,11.49,,,
25-04-19 21:20:00,11.48,,,
25-04-19 21:30:00,11.51,,,
25-04-19 21:40:00,11.48,,,
25-04-19 21:50:00,11.43,,,
25-04-19 22:00:00,11.36,,,
25-04-19 22:10:00,11.47,,,
25-04-19 22:20:00,11.30,,,
25-04-19 22:30:00,11.24,,,
25-04-19 22:40:00,11.19,,,
25-04-19 22:50:00,11.17,,,
25-04-19 23:00:00,11.29,,,
25-04-19 23:10:00,11.15,,,
25-04-19 23:20:00,11.26,,,
25-04-19 23:30:00,11.25,,,
25-04-19 23:40:00,11.24,,,
25-04-19 23:50:00,11.12,,,
25-04-20 00:00:00,11.17,,,
25-04-20 00:10:00,11.10,,,
25-04-20 00:20:00,11.07,,,
25-04-20 00:30:00,11.09,,,
25-04-20 00:40:00,11.05,,,
25-04-20 00:50:00,11.08,,,
25-04-20 01:00:00,11.05,,,
25-04-20 01:10:00,11.08,,,
25-04-20 01:20:00,11.08,,,
25-04-20 01:30:00,11.09,,,
25-04-20 01:40:00,11.01,,,
25-04-20 01:50:00,11.03,,,
25-04-20 02:00:00,11.01,,,
25-04-20 02:10:00,11.03,,,
25-04-20 02:20:00,11.00,,,
25-04-20 02:30:00,10.95,,,
25-04-20 02:40:00,10.96,,,
25-04-20 02:50:00,10.96,,,
25-04-20 03:00:00,10.97,,,
25-04-20 03:10:00,10.98,,,
25-04-20 03:20:00,10.98,,,
25-04-20 03:30:00,11.00,,,
25-04-20 03:40:00,11.02,,,
25-04-20 03:50:00,11.03,,,
25-04-20 04:00:00,11.07,,,
25-04-20 04:10:00,11.05,,,
25-04-20 04:20:00,11.07,,,
25-04-20 04:30:00,11.04,,,
25-04-20 04:40:00,11.08,,,
25-04-20 04:50:00,11.08,,,
25-04-20 05:00:00,11.07,,,
25-04-20 05:10:00,11.05,,,
25-04-20 05:20:00,11.04,,,
25-04-20 05:30:00,11.04,,,
25-04-20 05:40:00,11.07,,,
25-04-20 05:50:00,11.04,,,
25-04-20 06:00:00,11.05,,,
25-04-20 06:10:00,11.08,,,
25-04-20 06:20:00,11.02,,,
25-04-20 06:30:00,11.07,,,
25-04-20 06:40:00,11.05,,,
25-04-20 06:50:00,11.04,,,
25-04-20 07:00:00,10.93,,,
25-04-20 07:10:00,10.87,,,
25-04-20 07:20:00,10.95,,,
25-04-20 07:30:00,10.77,,,
25-04-20 07:40:00,10.71,,,
25-04-20 07:50:00,10.66,,,
25-04-20 08:00:00,10.40,,,
25-04-20 08:10:00,10.34,,,
25-04-20 08:20:00,10.39,,,
25-04-20 08:30:00,10.38,,,
25-04-20 08:40:00,10.39,,,
25-04-20 08:50:00,10.43,,,
25-04-20 09:00:00,10.48,,,
25-04-20 09:10:00,10.50,,,
25-04-20 09:20:00,10.54,,,
25-04-20 09:30:00,10.59,,,
25-04-20 09:40:00,10.59,,,
25-04-20 09:50:00,10.64,,,
25-04-20 10:00:00,10.63,,,
25-04-20 10:10:00,10.64,,,
25-04-20 10:20:00,10.69,,,
25-04-20 10:30:00,10.80,,,
25-04-20 10:40:00,10.80,,,
25-04-20 10:50:00,10.70,,,
25-04-20 11:00:00,10.68,,,
25-04-20 11:10:00,10.80,,,
25-04-20 11:20:00,10.78,,,
25-04-20 11:30:00,10.65,,,
25-04-20 11:40:00,10.88,,,
25-04-20 11:50:00,11.22,,,
25-04-20 12:00:00,11.02,,,
25-04-20 12:10:00,10.96,,,
25-04-20 12:20:00,10.97,,,
25-04-20 12:30:00,10.93,,,
25-04-20 12:40:00,11.02,,,
25-04-20 12:50:00,11.04,,,
25-04-20 13:00:00,11.13,,,
25-04-20 13:10:00,11.38,,,
25-04-20 13:20:00,11.42,,,
25-04-20 13:30:00,11.12,,,
25-04-20 13:40:00,11.04,,,
25-04-20 13:50:00,11.30,,,
25-04-20 14:00:00,11.11,,,
25-04-20 14:10:00,11.29,,,
25-04-20 14:20:00,11.36,,,
25-04-20 14:30:00,11.59,,,
25-04-20 14:40:00,11.46,,,
25-04-20 14:50:00,10.96,,,
25-04-20 15:00:00,11.09,,,
25-04-20 15:10:00,10.89,,,
25-04-20 15:20:00,11.09,,,
25-04-20 15:30:00,10.86,,,
25-04-20 15:40:00,11.62,,,
25-04-20 15:50:00,11.51,,,
25-04-20 16:00:00,11.51,,,
25-04-20 16:10:00,11.46,,,
25-04-20 16:20:00,11.39,,,
25-04-20 16:30:00,11.54,,,
25-04-20 16:40:00,11.33,,,
25-04-20 16:50:00,11.09,,,
25-04-20 17:00:00,10.98,,,
25-04-20 17:10:00,10.87,,,
25-04-20 17:20:00,10.99,,,
25-04-20 17:30:00,10.87,,,
25-04-20 17:40:00,11.10,,,
25-04-20 17:50:00,10.75,,,
25-04-20 18:00:00,10.96,,,
25-04-20 18:10:00,10.90,,,
25-04-20 18:20:00,10.78,,,
25-04-20 18:30:00,10.84,,,
25-04-20 18:40:00,11.04,,,
25-04-20 18:50:00,11.28,,,
25-04-20 19:00:00,11.25,,,
25-04-20 19:10:00,11.31,,,
25-04-20 19:20:00,11.09,,,
25-04-20 19:30:00,11.43,,,
25-04-20 19:40:00,11.49,,,
25-04-20 19:50:00,11.51,,,
25-04-20 20:00:00,11.51,,,
25-04-20 20:10:00,11.42,,,
25-04-20 20:20:00,11.47,,,
25-04-20 20:30:00,11.38,,,
25-04-20 20:40:00,11.41,,,
25-04-20 20:50:00,11.42,,,
25-04-20 21:00:00,11.42,,,
25-04-20 21:10:00,11.41,,,
25-04-20 21:20:00,11.39,,,
25-04-20 21:30:00,11.40,,,
25-04-20 21:40:00,11.40,,,
25-04-20 21:50:00,11.40,,,
25-04-20 22:00:00,11.32,,,
25-04-20 22:10:00,11.32,,,
25-04-20 22:20:00,11.31,,,
25-04-20 22:30:00,11.25,,,
25-04-20 22:40:00,11.36,,,
25-04-20 22:50:00,11.25,,,
25-04-20 23:00:00,11.12,,,
25-04-20 23:10:00,11.02,,,
25-04-20 23:20:00,11.07,,,
25-04-20 23:30:00,11.08,,,
25-04-20 23:40:00,11.03,,,
25-04-20 23:50:00,11.01,,,
25-04-21 00:00:00,10.97,,,
25-04-21 00:10:00,10.94,,,
25-04-21 00:20:00,10.93,,,
25-04-21 00:30:00,10.88,,,
25-04-21 00:40:00,10.86,,,
25-04-21 00:50:00,10.82,,,
25-04-21 01:00:00,10.84,,,
25-04-21 01:10:00,10.80,,,
25-04-21 01:20:00,10.83,,,
25-04-21 01:30:00,10.82,,,
25-04-21 01:40:00,10.85,,,
25-04-21 01:50:00,10.78,,,
25-04-21 02:00:00,10.78,,,
25-04-21 02:10:00,10.73,,,
25-04-21 02:20:00,10.72,,,
25-04-21 02:30:00,10.74,,,
25-04-21 02:40:00,10.71,,,
25-04-21 02:50:00,10.71,,,
25-04-21 03:00:00,10.68,,,
25-04-21 03:10:00,10.69,,,
25-04-21 03:20:00,10.63,,,
25-04-21 03:30:00,10.66,,,
25-04-21 03:40:00,10.64,,,
25-04-21 03:50:00,10.60,,,
25-04-21 04:00:00,10.60,,,
25-04-21 04:10:00,10.57,,,
25-04-21 04:20:00,10.58,,,
25-04-21 04:30:00,10.53,,,
25-04-21 04:40:00,10.52,,,
25-04-21 04:50:00,10.50,,,
25-04-21 05:00:00,10.57,,,
25-04-21 05:10:00,10.60,,,
25-04-21 05:20:00,10.46,,,
25-04-21 05:30:00,10.48,,,
25-04-21 05:40:00,10.49,,,
25-04-21 05:50:00,10.54,,,
25-04-21 06:00:00,10.41,,,
25-04-21 06:10:00,10.42,,,
25-04-21 06:20:00,10.36,,,
25-04-21 06:30:00,10.33,,,
25-04-21 06:40:00,10.34,,,
25-04-21 06:50:00,10.26,,,
25-04-21 07:00:00,10.27,,,
25-04-21 07:10:00,10.18,,,
25-04-21 07:20:00,10.23,,,
25-04-21 07:30:00,10.14,,,
25-04-21 07:40:00,10.11,,,
25-04-21 07:50:00,10.18,,,
25-04-21 08:00:00,10.18,,,
25-04-21 08:10:00,10.21,,,
25-04-21 08:20:00,10.16,,,
25-04-21 08:30:00,10.18,,,
25-04-21 08:40:00,10.11,,,
25-04-21 08:50:00,10.16,,,
25-04-21 09:00:00,10.15,,,
25-04-21 09:10:00,10.15,,,
25-04-21 09:20:00,10.22,,,
25-04-21 09:30:00,10.21,,,
25-04-21 09:40:00,10.20,,,
25-04-21 09:50:00,10.18,,,
25-04-21 10:00:00,10.25,,,
25-04-21 10:10:00,10.24,,,
25-04-21 10:20:00,10.29,,,
25-04-21 10:30:00,10.31,,,
25-04-21 10:40:00,10.41,,,
25-04-21 10:50:00,10.41,,,
25-04-21 11:00:00,10.40,,,
25-04-21 11:10:00,10.35,,,
25-04-21 11:20:00,10.42,,,
25-04-21 11:30:00,10.37,,,
25-04-21 11:40:00,10.49,,,
25-04-21 11:50:00,10.44,,,
25-04-21 12:00:00,10.55,,,
25-04-21 12:10:00,10.57,,,
25-04-21 12:20:00,10.54,,,
25-04-21 12:30:00,10.55,,,
25-04-21 12:40:00,10.62,,,
25-04-21 12:50:00,10.65,,,
25-04-21 13:00:00,10.72,,,
25-04-21 13:10:00,10.90,,,
25-04-21 13:20:00,11.08,,,
25-04-21 13:30:00,10.96,,,
25-04-21 13:40:00,10.69,,,
25-04-21 13:50:00,10.94,,,
25-04-21 14:00:00,10.97,,,
25-04-21 14:10:00,10.93,,,
25-04-21 14:20:00,10.78,,,
25-04-21 14:30:00,11.03,,,
25-04-21 14:40:00,11.07,,,
25-04-21 14:50:00,10.82,,,
25-04-21 15:00:00,11.00,,,
25-04-21 15:10:00,10.93,,,
25-04-21 15:20:00,11.04,,,
25-04-21 15:30:00,10.86,,,
25-04-21 15:40:00,11.19,,,
25-04-21 15:50:00,11.16,,,
25-04-21 16:00:00,10.88,,,
25-04-21 16:10:00,10.79,,,
25-04-21 16:20:00,10.74,,,
25-04-21 16:30:00,10.87,,,
25-04-21 16:40:00,10.73,,,
25-04-21 16:50:00,10.86,,,
25-04-21 17:00:00,11.10,,,
25-04-21 17:10:00,10.85,,,
25-04-21 17:20:00,10.74,,,
25-04-21 17:30:00,10.74,,,
25-04-21 17:40:00,10.82,,,
25-04-21 17:50:00,10.49,,,
25-04-21 18:00:00,10.96,,,
25-04-21 18:10:00,10.79,,,
25-04-21 18:20:00,10.98,,,
25-04-21 18:30:00,11.01,,,
25-04-21 18:40:00,11.05,,,
25-04-21 18:50:00,11.17,,,
25-04-21 19:00:00,10.72,,,
25-04-21 19:10:00,10.94,,,
25-04-21 19:20:00,11.02,,,
25-04-21 19:30:00,10.63,,,
25-04-21 19:40:00,10.81,,,
25-04-21 19:50:00,10.73,,,
25-04-21 20:00:00,10.49,,,
25-04-21 20:10:00,10.78,,,
25-04-21 20:20:00,10.86,,,
25-04-21 20:30:00,10.93,,,
25-04-21 20:40:00,10.77,,,
25-04-21 20:50:00,10.90,,,
25-04-21 21:00:00,10.93,,,
25-04-21 21:10:00,11.04,,,
25-04-21 21:20:00,11.16,,,
25-04-21 21:30:00,11.19,,,
25-04-21 21:40:00,11.16,,,
25-04-21 21:50:00,11.00,,,
25-04-21 22:00:00,11.01,,,
25-04-21 22:10:00,10.73,,,
25-04-21 22:20:00,10.63,,,
25-04-21 22:30:00,10.78,,,
25-04-21 22:40:00,10.85,,,
25-04-21 22:50:00,10.82,,,
25-04-21 23:00:00,10.55,,,
25-04-21 23:10:00,10.55,,,
25-04-21 23:20:00,10.59,,,
25-04-21 23:30:00,10.70,,,
25-04-21 23:40:00,10.60,,,
25-04-21 23:50:00,10.65,,,
25-04-22 00:00:00,10.51,,,
25-04-22 00:10:00,10.51,,,
25-04-22 00:20:00,10.50,,,
25-04-22 00:30:00,10.50,,,
25-04-22 00:40:00,10.51,,,
25-04-22 00:50:00,10.55,,,
25-04-22 01:00:00,10.56,,,
25-04-22 01:10:00,10.64,,,
25-04-22 01:20:00,10.64,,,
25-04-22 01:30:00,10.62,,,
25-04-22 01:40:00,10.62,,,
25-04-22 01:50:00,10.53,,,
25-04-22 02:00:00,10.45,,,
25-04-22 02:10:00,10.46,,,
25-04-22 02:20:00,10.50,,,
25-04-22 02:30:00,10.51,,,
25-04-22 02:40:00,10.54,,,
25-04-22 02:50:00,10.42,,,
25-04-22 03:00:00,10.49,,,
25-04-22 03:10:00,10.52,,,
25-04-22 03:20:00,10.52,,,
25-04-22 03:30:00,10.49,,,
25-04-22 03:40:00,10.50,,,
25-04-22 03:50:00,10.46,,,
25-04-22 04:00:00,10.45,,,
25-04-22 04:10:00,10.42,,,
25-04-22 04:20:00,10.41,,,
25-04-22 04:30:00,10.46,,,
25-04-22 04:40:00,10.46,,,
25-04-22 04:50:00,10.45,,,
25-04-22 05:00:00,10.44,,,
25-04-22 05:10:00,10.44,,,
25-04-22 05:20:00,10.36,,,
25-04-22 05:30:00,10.31,,,
25-04-22 05:40:00,10.27,,,
25-04-22 05:50:00,10.21,,,
25-04-22 06:00:00,10.33,,,
25-04-22 06:10:00,10.36,,,
25-04-22 06:20:00,10.26,,,
25-04-22 06:30:00,10.26,,,
25-04-22 06:40:00,10.20,,,
25-04-22 06:50:00,10.22,,,
25-04-22 07:00:00,10.13,,,
25-04-22 07:10:00,10.12,,,
25-04-22 07:20:00,10.08,,,
25-04-22 07:30:00,10.06,,,
25-04-22 07:40:00,10.14,,,
25-04-22 07:50:00,10.07,,,
25-04-22 08:00:00,10.08,,,
25-04-22 08:10:00,10.05,,,
25-04-22 08:20:00,10.08,,,
25-04-22 08:30:00,10.11,,,
25-04-22 08:40:00,10.13,,,
25-04-22 08:50:00,10.12,,,
25-04-22 09:00:00,10.13,,,
25-04-22 09:10:00,10.16,,,
25-04-22 09:20:00,10.21,,,
25-04-22 09:30:00,10.21,,,
25-04-22 09:40:00,10.18,,,
25-04-22 09:50:00,10.15,,,
25-04-22 10:00:00,10.15,,,
25-04-22 10:10:00,10.20,,,
25-04-22 10:20:00,10.24,,,
25-04-22 10:30:00,10.28,,,
25-04-22 10:40:00,10.31,,,
25-04-22 10:50:00,10.35,,,
25-04-22 11:00:00,10.42,,,
25-04-22 11:10:00,10.40,,,
25-04-22 11:20:00,10.44,,,
25-04-22 11:30:00,10.43,,,
25-04-22 11:40:00,10.44,,,
25-04-22 11:50:00,10.57,,,
25-04-22 12:00:00,10.59,,,
25-04-22 12:10:00,10.59,,,
25-04-22 12:20:00,10.59,,,
25-04-22 12:30:00,10.63,,,
25-04-22 12:40:00,10.56,,,
25-04-22 12:50:00,10.66,,,
25-04-22 13:00:00,10.69,,,
25-04-22 13:10:00,10.77,,,
25-04-22 13:20:00,10.93,,,
25-04-22 13:30:00,10.64,,,
25-04-22 13:40:00,10.50,,,
25-04-22 13:50:00,11.02,,,
25-04-22 14:00:00,10.77,,,
25-04-22 14:10:00,10.86,,,
25-04-22 14:20:00,10.80,,,
25-04-22 14:30:00,10.95,,,
25-04-22 14:40:00,11.17,,,
25-04-22 14:50:00,10.80,,,
25-04-22 15:00:00,10.69,,,
25-04-22 15:10:00,10.99,,,
25-04-22 15:20:00,11.00,,,
25-04-22 15:30:00,10.95,,,
25-04-22 15:40:00,10.87,,,
25-04-22 15:50:00,11.23,,,
25-04-22 16:00:00,11.05,,,
25-04-22 16:10:00,10.71,,,
25-04-22 16:20:00,10.93,,,
25-04-22 16:30:00,10.99,,,
25-04-22 16:40:00,11.26,,,
25-04-22 16:50:00,10.93,,,
25-04-22 17:00:00,11.29,,,
25-04-22 17:10:00,10.97,,,
25-04-22 17:20:00,10.68,,,
25-04-22 17:30:00,10.67,,,
25-04-22 17:40:00,10.79,,,
25-04-22 17:50:00,11.13,,,
25-04-22 18:00:00,10.79,,,
25-04-22 18:10:00,10.62,,,
25-04-22 18:20:00,11.28,,,
25-04-22 18:30:00,10.78,,,
25-04-22 18:40:00,10.55,,,
25-04-22 18:50:00,11.00,,,
25-04-22 19:00:00,11.20,,,
25-04-22 19:10:00,10.98,,,
25-04-22 19:20:00,10.73,,,
25-04-22 19:30:00,10.57,,,
25-04-22 19:40:00,10.60,,,
25-04-22 19:50:00,10.45,,,
25-04-22 20:00:00,10.41,,,
25-04-22 20:10:00,10.55,,,
25-04-22 20:20:00,10.27,,,
25-04-22 20:30:00,10.30,,,
25-04-22 20:40:00,10.25,,,
25-04-22 20:50:00,10.20,,,
25-04-22 21:00:00,10.24,,,
25-04-22 21:10:00,10.26,,,
25-04-22 21:20:00,10.24,,,
25-04-22 21:30:00,10.23,,,
25-04-22 21:40:00,10.23,,,
25-04-22 21:50:00,10.22,,,
25-04-22 22:00:00,10.15,,,
25-04-22 22:10:00,10.15,,,
25-04-22 22:20:00,10.15,,,
25-04-22 22:30:00,10.18,,,
25-04-22 22:40:00,10.24,,,
25-04-22 22:50:00,10.46,,,
25-04-22 23:00:00,10.54,,,
25-04-22 23:10:00,10.34,,,
25-04-22 23:20:00,10.28,,,
25-04-22 23:30:00,10.29,,,
25-04-22 23:40:00,10.45,,,
25-04-22 23:50:00,10.44,,,
25-04-23 00:00:00,10.51,,,
25-04-23 00:10:00,10.52,,,
25-04-23 00:20:00,10.39,,,
25-04-23 00:30:00,10.39,,,
25-04-23 00:40:00,10.34,,,
25-04-23 00:50:00,10.28,,,
25-04-23 01:00:00,10.30,,,
25-04-23 01:10:00,10.30,,,
25-04-23 01:20:00,10.29,,,
25-04-23 01:30:00,10.30,,,
25-04-23 01:40:00,10.30,,,
25-04-23 01:50:00,10.39,,,
25-04-23 02:00:00,10.37,,,
25-04-23 02:10:00,10.45,,,
25-04-23 02:20:00,10.40,,,
25-04-23 02:30:00,10.42,,,
25-04-23 02:40:00,10.44,,,
25-04-23 02:50:00,10.46,,,
25-04-23 03:00:00,10.45,,,
25-04-23 03:10:00,10.33,,,
25-04-23 03:20:00,10.14,,,
25-04-23 03:30:00,10.22,,,
25-04-23 03:40:00,10.15,,,
25-04-23 03:50:00,10.16,,,
25-04-23 04:00:00,10.12,,,
25-04-23 04:10:00,10.11,,,
25-04-23 04:20:00,10.12,,,
25-04-23 04:30:00,10.10,,,
25-04-23 04:40:00,10.07,,,
25-04-23 04:50:00,10.01,,,
25-04-23 05:00:00,9.99,,,
25-04-23 05:10:00,10.00,,,
25-04-23 05:20:00,10.04,,,
25-04-23 05:30:00,10.27,,,
25-04-23 05:40:00,10.19,,,
25-04-23 05:50:00,10.15,,,
25-04-23 06:00:00,10.15,,,
25-04-23 06:10:00,10.14,,,
25-04-23 06:20:00,10.23,,,
25-04-23 06:30:00,10.14,,,
25-04-23 06:40:00,10.16,,,
25-04-23 06:50:00,10.14,,,
25-04-23 07:00:00,10.15,,,
25-04-23 07:10:00,10.14,,,
25-04-23 07:20:00,10.16,,,
25-04-23 07:30:00,10.13,,,
25-04-23 07:40:00,10.16,,,
25-04-23 07:50:00,10.13,,,
25-04-23 08:00:00,10.11,,,
25-04-23 08:10:00,10.09,,,
25-04-23 08:20:00,10.15,,,
25-04-23 08:30:00,10.12,,,
25-04-23 08:40:00,10.15,,,
25-04-23 08:50:00,10.15,,,
25-04-23 09:00:00,10.20,,,
25-04-23 09:10:00,10.23,,,
25-04-23 09:20:00,10.24,,,
25-04-23 09:30:00,10.23,,,
25-04-23 09:40:00,10.23,,,
25-04-23 09:50:00,10.28,,,
25-04-23 10:00:00,10.33,,,
25-04-23 10:10:00,10.34,,,
25-04-23 10:20:00,10.33,,,
25-04-23 10:30:00,10.34,,,
25-04-23 10:40:00,10.34,,,
25-04-23 10:50:00,10.44,,,
25-04-23 11:00:00,10.49,,,
25-04-23 11:10:00,10.54,,,
25-04-23 11:20:00,10.56,,,
25-04-23 11:30:00,10.59,,,
25-04-23 11:40:00,10.68,,,
25-04-23 11:50:00,10.70,,,
25-04-23 12:00:00,10.93,,,
25-04-23 12:10:00,11.00,,,
25-04-23 12:20:00,10.86,,,
25-04-23 12:30:00,10.77,,,
25-04-23 12:40:00,10.96,,,
25-04-23 12:50:00,11.07,,,
25-04-23 13:00:00,11.13,,,
25-04-23 13:10:00,11.27,,,
25-04-23 13:20:00,11.27,,,
25-04-23 13:30:00,11.02,,,
25-04-23 13:40:00,11.22,,,
25-04-23 13:50:00,11.28,,,
25-04-23 14:00:00,11.37,,,
25-04-23 14:10:00,11.09,,,
25-04-23 14:20:00,11.42,,,
25-04-23 14:30:00,11.42,,,
25-04-23 14:40:00,11.11,,,
25-04-23 14:50:00,10.93,,,
25-04-23 15:00:00,10.84,,,
25-04-23 15:10:00,11.02,,,
25-04-23 15:20:00,11.08,,,
25-04-23 15:30:00,11.36,,,
25-04-23 15:40:00,11.44,,,
25-04-23 15:50:00,11.24,,,
25-04-23 16:00:00,10.82,,,
25-04-23 16:10:00,11.08,,,
25-04-23 16:20:00,11.14,,,
25-04-23 16:30:00,11.53,,,
25-04-23 16:40:00,11.89,,,
25-04-23 16:50:00,12.11,,,
25-04-23 17:00:00,12.42,,,
25-04-23 17:10:00,11.54,,,
25-04-23 17:20:00,11.39,,,
25-04-23 17:30:00,11.24,,,
25-04-23 17:40:00,11.32,,,
25-04-23 17:50:00,11.26,,,
25-04-23 18:00:00,11.11,,,
25-04-23 18:10:00,11.12,,,
25-04-23 18:20:00,10.72,,,
25-04-23 18:30:00,10.57,,,
25-04-23 18:40:00,10.63,,,
25-04-23 18:50:00,10.54,,,
25-04-23 19:00:00,10.57,,,
25-04-23 19:10:00,10.49,,,
25-04-23 19:20:00,10.72,,,
25-04-23 19:30:00,10.75,,,
25-04-23 19:40:00,10.46,,,
25-04-23 19:50:00,10.43,,,
25-04-23 20:00:00,10.60,,,
25-04-23 20:10:00,10.64,,,
25-04-23 20:20:00,10.42,,,
25-04-23 20:30:00,10.35,,,
25-04-23 20:40:00,10.34,,,
25-04-23 20:50:00,10.42,,,
25-04-23 21:00:00,10.44,,,
25-04-23 21:10:00,10.44,,,
25-04-23 21:20:00,10.43,,,
25-04-23 21:30:00,10.42,,,
25-04-23 21:40:00,10.41,,,
25-04-23 21:50:00,10.28,,,
25-04-23 22:00:00,10.28,,,
25-04-23 22:10:00,10.22,,,
25-04-23 22:20:00,10.22,,,
25-04-23 22:30:00,10.15,,,
25-04-23 22:40:00,10.16,,,
25-04-23 22:50:00,10.21,,,
25-04-23 23:00:00,10.20,,,
25-04-23 23:10:00,10.23,,,
25-04-23 23:20:00,10.27,,,
25-04-23 23:30:00,10.27,,,
25-04-23 23:40:00,10.28,,,
25-04-23 23:50:00,10.27,,,
25-04-24 00:00:00,10.18,,,
25-04-24 00:10:00,10.19,,,
25-04-24 00:20:00,10.20,,,
25-04-24 00:30:00,10.21,,,
25-04-24 00:40:00,10.20,,,
25-04-24 00:50:00,10.33,,,
25-04-24 01:00:00,10.48,,,
25-04-24 01:10:00,10.42,,,
25-04-24 01:20:00,10.50,,,
25-04-24 01:30:00,10.53,,,
25-04-24 01:40:00,10.54,,,
25-04-24 01:50:00,10.52,,,
25-04-24 02:00:00,10.35,,,
25-04-24 02:10:00,10.44,,,
25-04-24 02:20:00,10.39,,,
25-04-24 02:30:00,10.44,,,
25-04-24 02:40:00,10.43,,,
25-04-24 02:50:00,10.39,,,
25-04-24 03:00:00,10.33,,,
25-04-24 03:10:00,10.41,,,
25-04-24 03:20:00,10.55,,,
25-04-24 03:30:00,10.52,,,
25-04-24 03:40:00,10.33,,,
25-04-24 03:50:00,10.26,,,
25-04-24 04:00:00,10.40,,,
25-04-24 04:10:00,10.39,,,
25-04-24 04:20:00,10.38,,,
25-04-24 04:30:00,10.59,,,
25-04-24 04:40:00,10.55,,,
25-04-24 04:50:00,10.59,,,
25-04-24 05:00:00,10.55,,,
25-04-24 05:10:00,10.37,,,
25-04-24 05:20:00,10.25,,,
25-04-24 05:30:00,10.28,,,
25-04-24 05:40:00,10.22,,,
25-04-24 05:50:00,10.33,,,
25-04-24 06:00:00,10.42,,,
25-04-24 06:10:00,10.25,,,
25-04-24 06:20:00,10.19,,,
25-04-24 06:30:00,10.12,,,
25-04-24 06:40:00,10.14,,,
25-04-24 06:50:00,10.20,,,
25-04-24 07:00:00,10.12,,,
25-04-24 07:10:00,10.11,,,
25-04-24 07:20:00,10.06,,,
25-04-24 07:30:00,9.99,,,
25-04-24 07:40:00,10.01,,,
25-04-24 07:50:00,10.03,,,
25-04-24 08:00:00,9.99,,,
25-04-24 08:10:00,10.04,,,
25-04-24 08:20:00,9.99,,,
25-04-24 08:30:00,9.99,,,
25-04-24 08:40:00,9.97,,,
25-04-24 08:50:00,9.98,,,
25-04-24 09:00:00,10.05,,,
25-04-24 09:10:00,10.01,,,
25-04-24 09:20:00,10.03,,,
25-04-24 09:30:00,10.04,,,
25-04-24 09:40:00,10.10,,,
25-04-24 09:50:00,10.06,,,
25-04-24 10:00:00,10.19,,,
25-04-24 10:10:00,10.56,,,
25-04-24 10:20:00,10.56,,,
25-04-24 10:30:00,10.63,,,
25-04-24 10:40:00,10.60,,,
25-04-24 10:50:00,10.60,,,
25-04-24 11:00:00,10.60,,,
25-04-24 11:10:00,10.53,,,
25-04-24 11:20:00,10.89,,,
25-04-24 11:30:00,10.82,,,
25-04-24 11:40:00,10.89,,,
25-04-24 11:50:00,10.94,,,
25-04-24 12:00:00,11.16,,,
25-04-24 12:10:00,11.08,,,
25-04-24 12:20:00,10.93,,,
25-04-24 12:30:00,10.73,,,
25-04-24 12:40:00,11.23,,,
25-04-24 12:50:00,11.38,,,
25-04-24 13:00:00,11.46,,,
25-04-24 13:10:00,11.36,,,
25-04-24 13:20:00,11.41,,,
25-04-24 13:30:00,11.60,,,
25-04-24 13:40:00,11.33,,,
25-04-24 13:50:00,11.49,,,
25-04-24 14:00:00,11.62,,,
25-04-24 14:10:00,11.73,,,
25-04-24 14:20:00,11.61,,,
25-04-24 14:30:00,11.85,,,
25-04-24 14:40:00,11.74,,,
25-04-24 14:50:00,11.69,,,
25-04-24 15:00:00,11.77,,,
25-04-24 15:10:00,12.00,,,
25-04-24 15:20:00,11.54,,,
25-04-24 15:30:00,11.37,,,
25-04-24 15:40:00,11.85,,,
25-04-24 15:50:00,12.22,,,
25-04-24 16:00:00,12.13,,,
25-04-24 16:10:00,11.87,,,
25-04-24 16:20:00,11.88,,,
25-04-24 16:30:00,11.86,,,
25-04-24 16:40:00,12.00,,,
25-04-24 16:50:00,12.28,,,
25-04-24 17:00:00,12.19,,,
25-04-24 17:10:00,12.47,,,
25-04-24 17:20:00,11.73,,,
25-04-24 17:30:00,11.24,,,
25-04-24 17:40:00,11.62,,,
25-04-24 17:50:00,11.39,,,
25-04-24 18:00:00,11.56,,,
25-04-24 18:10:00,11.76,,,
25-04-24 18:20:00,12.21,,,
25-04-24 18:30:00,12.08,,,
25-04-24 18:40:00,11.66,,,
25-04-24 18:50:00,11.47,,,
25-04-24 19:00:00,11.48,,,
25-04-24 19:10:00,11.82,,,
25-04-24 19:20:00,12.05,,,
25-04-24 19:30:00,11.56,,,
25-04-24 19:40:00,11.04,,,
25-04-24 19:50:00,10.75,,,
25-04-24 20:00:00,10.66,,,
25-04-24 20:10:00,10.65,,,
25-04-24 20:20:00,10.86,,,
25-04-24 20:30:00,10.75,,,
25-04-24 20:40:00,10.42,,,
25-04-24 20:50:00,10.56,,,
25-04-24 21:00:00,10.54,,,
25-04-24 21:10:00,10.57,,,
25-04-24 21:20:00,10.57,,,
25-04-24 21:30:00,10.55,,,
25-04-24 21:40:00,10.56,,,
25-04-24 21:50:00,10.64,,,
25-04-24 22:00:00,10.51,,,
25-04-24 22:10:00,10.49,,,
25-04-24 22:20:00,10.50,,,
25-04-24 22:30:00,10.45,,,
25-04-24 22:40:00,10.45,,,
25-04-24 22:50:00,10.44,,,
25-04-24 23:00:00,10.42,,,
25-04-24 23:10:00,10.38,,,
25-04-24 23:20:00,10.37,,,
25-04-24 23:30:00,10.34,,,
25-04-24 23:40:00,10.33,,,
25-04-24 23:50:00,10.49,,,
25-04-25 00:00:00,10.42,,,
25-04-25 00:10:00,10.44,,,
25-04-25 00:20:00,10.54,,,
25-04-25 00:30:00,10.52,,,
25-04-25 00:40:00,10.50,,,
25-04-25 00:50:00,10.48,,,
25-04-25 01:00:00,10.42,,,
25-04-25 01:10:00,10.43,,,
25-04-25 01:20:00,10.39,,,
25-04-25 01:30:00,10.40,,,
25-04-25 01:40:00,10.42,,,
25-04-25 01:50:00,10.38,,,
25-04-25 02:00:00,10.39,,,
25-04-25 02:10:00,10.37,,,
25-04-25 02:20:00,10.34,,,
25-04-25 02:30:00,10.37,,,
25-04-25 02:40:00,10.38,,,
25-04-25 02:50:00,10.35,,,
25-04-25 03:00:00,10.38,,,
25-04-25 03:10:00,10.44,,,
25-04-25 03:20:00,10.43,,,
25-04-25 03:30:00,10.42,,,
25-04-25 03:40:00,10.39,,,
25-04-25 03:50:00,10.41,,,
25-04-25 04:00:00,10.40,,,
25-04-25 04:10:00,10.42,,,
25-04-25 04:20:00,10.43,,,
25-04-25 04:30:00,10.48,,,
25-04-25 04:40:00,10.53,,,
25-04-25 04:50:00,10.52,,,
25-04-25 05:00:00,10.54,,,
25-04-25 05:10:00,10.55,,,
25-04-25 05:20:00,10.42,,,
25-04-25 05:30:00,10.42,,,
25-04-25 05:40:00,10.38,,,
25-04-25 05:50:00,10.41,,,
25-04-25 06:00:00,10.35,,,
25-04-25 06:10:00,10.29,,,
25-04-25 06:20:00,10.30,,,
25-04-25 06:30:00,10.27,,,
25-04-25 06:40:00,10.26,,,
25-04-25 06:50:00,10.28,,,
25-04-25 07:00:00,10.26,,,
25-04-25 07:10:00,10.23,,,
25-04-25 07:20:00,10.18,,,
25-04-25 07:30:00,10.20,,,
25-04-25 07:40:00,10.37,,,
25-04-25 07:50:00,10.29,,,
25-04-25 08:00:00,10.28,,,
25-04-25 08:10:00,10.23,,,
25-04-25 08:20:00,10.23,,,
25-04-25 08:30:00,10.25,,,
25-04-25 08:40:00,10.23,,,
25-04-25 08:50:00,10.20,,,
25-04-25 09:00:00,10.20,,,
25-04-25 09:10:00,10.23,,,
25-04-25 09:20:00,10.30,,,
25-04-25 09:30:00,10.33,,,
25-04-25 09:40:00,10.48,,,
25-04-25 09:50:00,10.41,,,
25-04-25 10:00:00,10.49,,,
25-04-25 10:10:00,10.48,,,
25-04-25 10:20:00,10.46,,,
25-04-25 10:30:00,10.52,,,
25-04-25 10:40:00,10.57,,,
25-04-25 10:50:00,10.55,,,
25-04-25 11:00:00,10.59,,,
25-04-25 11:10:00,10.63,,,
25-04-25 11:20:00,10.73,,,
25-04-25 11:30:00,10.66,,,
25-04-25 11:40:00,10.65,,,
25-04-25 11:50:00,10.68,,,
25-04-25 12:00:00,10.82,,,
25-04-25 12:10:00,10.79,,,
25-04-25 12:20:00,10.84,,,
25-04-25 12:30:00,10.81,,,
25-04-25 12:40:00,10.78,,,
25-04-25 12:50:00,10.82,,,
25-04-25 13:00:00,10.89,,,
25-04-25 13:10:00,11.16,,,
25-04-25 13:20:00,11.22,,,
25-04-25 13:30:00,11.16,,,
25-04-25 13:40:00,11.15,,,
25-04-25 13:50:00,11.68,,,
25-04-25 14:00:00,11.58,,,
25-04-25 14:10:00,11.36,,,
25-04-25 14:20:00,11.38,,,
25-04-25 14:30:00,11.52,,,
25-04-25 14:40:00,11.52,,,
25-04-25 14:50:00,11.40,,,
25-04-25 15:00:00,11.62,,,
25-04-25 15:10:00,11.77,,,
25-04-25 15:20:00,11.62,,,
25-04-25 15:30:00,11.70,,,
25-04-25 15:40:00,11.71,,,
25-04-25 15:50:00,11.56,,,
25-04-25 16:00:00,11.38,,,
25-04-25 16:10:00,11.04,,,
25-04-25 16:20:00,11.20,,,
25-04-25 16:30:00,11.10,,,
25-04-25 16:40:00,11.29,,,
25-04-25 16:50:00,11.53,,,
25-04-25 17:00:00,11.55,,,
25-04-25 17:10:00,11.46,,,
25-04-25 17:20:00,11.25,,,
25-04-25 17:30:00,11.49,,,
25-04-25 17:40:00,11.42,,,
25-04-25 17:50:00,11.59,,,
25-04-25 18:00:00,11.67,,,
25-04-25 18:10:00,11.58,,,
25-04-25 18:20:00,11.54,,,
25-04-25 18:30:00,11.84,,,
25-04-25 18:40:00,12.00,,,
25-04-25 18:50:00,12.08,,,
25-04-25 19:00:00,12.15,,,
25-04-25 19:10:00,12.00,,,
25-04-25 19:20:00,11.56,,,
25-04-25 19:30:00,11.55,,,
25-04-25 19:40:00,11.49,,,
25-04-25 19:50:00,11.30,,,
25-04-25 20:00:00,11.40,,,
25-04-25 20:10:00,11.48,,,
25-04-25 20:20:00,11.28,,,
25-04-25 20:30:00,11.29,,,
25-04-25 20:40:00,11.28,,,
25-04-25 20:50:00,11.20,,,
25-04-25 21:00:00,11.17,,,
25-04-25 21:10:00,11.12,,,
25-04-25 21:20:00,11.13,,,
25-04-25 21:30:00,11.11,,,
25-04-25 21:40:00,11.16,,,
25-04-25 21:50:00,11.17,,,
25-04-25 22:00:00,11.03,,,
25-04-25 22:10:00,11.11,,,
25-04-25 22:20:00,11.01,,,
25-04-25 22:30:00,10.99,,,
25-04-25 22:40:00,10.96,,,
25-04-25 22:50:00,10.96,,,
25-04-25 23:00:00,10.97,,,
25-04-25 23:10:00,10.96,,,
25-04-25 23:20:00,10.99,,,
25-04-25 23:30:00,10.98,,,
25-04-25 23:40:00,11.15,,,
25-04-25 23:50:00,11.15,,,
25-04-26 00:00:00,11.16,,,
25-04-26 00:10:00,11.10,,,
25-04-26 00:20:00,11.08,,,
25-04-26 00:30:00,11.23,,,
25-04-26 00:40:00,11.55,,,
25-04-26 00:50:00,11.63,,,
25-04-26 01:00:00,11.64,,,
25-04-26 01:10:00,11.69,,,
25-04-26 01:20:00,11.71,,,
25-04-26 01:30:00,11.73,,,
25-04-26 01:40:00,11.74,,,
25-04-26 01:50:00,11.72,,,
25-04-26 02:00:00,11.71,,,
25-04-26 02:10:00,11.72,,,
25-04-26 02:20:00,11.71,,,
25-04-26 02:30:00,11.72,,,
25-04-26 02:40:00,11.70,,,
25-04-26 02:50:00,11.68,,,
25-04-26 03:00:00,11.69,,,
25-04-26 03:10:00,11.68,,,
25-04-26 03:20:00,11.69,,,
25-04-26 03:30:00,11.68,,,
25-04-26 03:40:00,11.69,,,
25-04-26 03:50:00,11.68,,,
25-04-26 04:00:00,11.67,,,
25-04-26 04:10:00,11.67,,,
25-04-26 04:20:00,11.69,,,
25-04-26 04:30:00,11.67,,,
25-04-26 04:40:00,11.64,,,
25-04-26 04:50:00,11.66,,,
25-04-26 05:00:00,11.63,,,
25-04-26 05:10:00,11.61,,,
25-04-26 05:20:00,11.57,,,
25-04-26 05:30:00,11.55,,,
25-04-26 05:40:00,11.55,,,
25-04-26 05:50:00,11.56,,,
25-04-26 06:00:00,11.55,,,
25-04-26 06:10:00,11.55,,,
25-04-26 06:20:00,11.53,,,
25-04-26 06:30:00,11.55,,,
25-04-26 06:40:00,11.51,,,
25-04-26 06:50:00,11.52,,,
25-04-26 07:00:00,11.54,,,
25-04-26 07:10:00,11.54,,,
25-04-26 07:20:00,11.49,,,
25-04-26 07:30:00,11.34,,,
25-04-26 07:40:00,11.43,,,
25-04-26 07:50:00,11.49,,,
25-04-26 08:00:00,11.25,,,
25-04-26 08:10:00,11.23,,,
25-04-26 08:20:00,11.28,,,
25-04-26 08:30:00,11.34,,,
25-04-26 08:40:00,11.37,,,
25-04-26 08:50:00,11.38,,,
25-04-26 09:00:00,11.36,,,
25-04-26 09:10:00,11.31,,,
25-04-26 09:20:00,11.28,,,
25-04-26 09:30:00,11.34,,,
25-04-26 09:40:00,11.34,,,
25-04-26 09:50:00,11.25,,,
25-04-26 10:00:00,11.27,,,
25-04-26 10:10:00,11.18,,,
25-04-26 10:20:00,11.33,,,
25-04-26 10:30:00,11.38,,,
25-04-26 10:40:00,11.43,,,
25-04-26 10:50:00,11.38,,,
25-04-26 11:00:00,11.45,,,
25-04-26 11:10:00,11.48,,,
25-04-26 11:20:00,11.45,,,
25-04-26 11:30:00,11.31,,,
25-04-26 11:40:00,11.56,,,
25-04-26 11:50:00,11.36,,,
25-04-26 12:00:00,11.41,,,
25-04-26 12:10:00,11.38,,,
25-04-26 12:20:00,11.49,,,
25-04-26 12:30:00,11.42,,,
25-04-26 12:40:00,11.46,,,
25-04-26 12:50:00,11.44,,,
25-04-26 13:00:00,11.71,,,
25-04-26 13:10:00,12.04,,,
25-04-26 13:20:00,12.13,,,
25-04-26 13:30:00,12.12,,,
25-04-26 13:40:00,12.08,,,
25-04-26 13:50:00,12.18,,,
25-04-26 14:00:00,12.17,,,
25-04-26 14:10:00,12.17,,,
25-04-26 14:20:00,12.20,,,
25-04-26 14:30:00,12.50,,,
25-04-26 14:40:00,12.48,,,
25-04-26 14:50:00,12.38,,,
25-04-26 15:00:00,12.18,,,
25-04-26 15:10:00,12.18,,,
25-04-26 15:20:00,12.16,,,
25-04-26 15:30:00,12.36,,,
25-04-26 15:40:00,12.57,,,
25-04-26 15:50:00,12.67,,,
25-04-26 16:00:00,12.25,,,
25-04-26 16:10:00,12.52,,,
25-04-26 16:20:00,12.67,,,
25-04-26 16:30:00,12.80,,,
25-04-26 16:40:00,12.61,,,
25-04-26 16:50:00,12.57,,,
25-04-26 17:00:00,12.49,,,
25-04-26 17:10:00,12.37,,,
25-04-26 17:20:00,12.42,,,
25-04-26 17:30:00,12.32,,,
25-04-26 17:40:00,12.61,,,
25-04-26 17:50:00,12.95,,,
25-04-26 18:00:00,12.73,,,
25-04-26 18:10:00,12.62,,,
25-04-26 18:20:00,12.95,,,
25-04-26 18:30:00,12.85,,,
25-04-26 18:40:00,12.74,,,
25-04-26 18:50:00,12.67,,,
25-04-26 19:00:00,13.21,,,
25-04-26 19:10:00,12.93,,,
25-04-26 19:20:00,12.85,,,
25-04-26 19:30:00,12.40,,,
25-04-26 19:40:00,12.42,,,
25-04-26 19:50:00,12.31,,,
25-04-26 20:00:00,12.34,,,
25-04-26 20:10:00,11.88,,,
25-04-26 20:20:00,11.82,,,
25-04-26 20:30:00,11.98,,,
25-04-26 20:40:00,11.86,,,
25-04-26 20:50:00,11.89,,,
25-04-26 21:00:00,11.90,,,
25-04-26 21:10:00,11.87,,,
25-04-26 21:20:00,11.87,,,
25-04-26 21:30:00,11.92,,,
25-04-26 21:40:00,12.08,,,
25-04-26 21:50:00,11.93,,,
25-04-26 22:00:00,11.49,,,
25-04-26 22:10:00,11.79,,,
25-04-26 22:20:00,11.57,,,
25-04-26 22:30:00,11.75,,,
25-04-26 22:40:00,12.06,,,
25-04-26 22:50:00,11.89,,,
25-04-26 23:00:00,11.87,,,
25-04-26 23:10:00,11.77,,,
25-04-26 23:20:00,11.67,,,
25-04-26 23:30:00,11.69,,,
25-04-26 23:40:00,11.72,,,
25-04-26 23:50:00,11.70,,,
25-04-27 00:00:00,11.53,,,
25-04-27 00:10:00,11.59,,,
25-04-27 00:20:00,11.68,,,
25-04-27 00:30:00,12.14,,,
25-04-27 00:40:00,12.40,,,
25-04-27 00:50:00,12.46,,,
25-04-27 01:00:00,12.43,,,
25-04-27 01:10:00,12.43,,,
25-04-27 01:20:00,12.38,,,
25-04-27 01:30:00,12.37,,,
25-04-27 01:40:00,12.36,,,
25-04-27 01:50:00,12.34,,,
25-04-27 02:00:00,12.34,,,
25-04-27 02:10:00,12.33,,,
25-04-27 02:20:00,12.33,,,
25-04-27 02:30:00,12.34,,,
25-04-27 02:40:00,12.32,,,
25-04-27 02:50:00,12.30,,,
25-04-27 03:00:00,12.32,,,
25-04-27 03:10:00,12.25,,,
25-04-27 03:20:00,12.28,,,
25-04-27 03:30:00,12.28,,,
25-04-27 03:40:00,12.25,,,
25-04-27 03:50:00,12.18,,,
25-04-27 04:00:00,12.12,,,
25-04-27 04:10:00,12.16,,,
25-04-27 04:20:00,12.08,,,
25-04-27 04:30:00,12.02,,,
25-04-27 04:40:00,12.08,,,
25-04-27 04:50:00,12.07,,,
25-04-27 05:00:00,12.01,,,
25-04-27 05:10:00,11.98,,,
25-04-27 05:20:00,11.90,,,
25-04-27 05:30:00,11.90,,,
25-04-27 05:40:00,11.92,,,
25-04-27 05:50:00,11.91,,,
25-04-27 06:00:00,11.85,,,
25-04-27 06:10:00,11.82,,,
25-04-27 06:20:00,11.78,,,
25-04-27 06:30:00,11.84,,,
25-04-27 06:40:00,11.86,,,
25-04-27 06:50:00,11.90,,,
25-04-27 07:00:00,11.75,,,
25-04-27 07:10:00,11.58,,,
25-04-27 07:20:00,11.84,,,
25-04-27 07:30:00,11.83,,,
25-04-27 07:40:00,11.63,,,
25-04-27 07:50:00,11.55,,,
25-04-27 08:00:00,11.56,,,
25-04-27 08:10:00,11.61,,,
25-04-27 08:20:00,11.63,,,
25-04-27 08:30:00,11.56,,,
25-04-27 08:40:00,11.51,,,
25-04-27 08:50:00,11.57,,,
25-04-27 09:00:00,11.43,,,
25-04-27 09:10:00,11.60,,,
25-04-27 09:20:00,11.44,,,
25-04-27 09:30:00,11.57,,,
25-04-27 09:40:00,11.31,,,
25-04-27 09:50:00,11.38,,,
25-04-27 10:00:00,11.43,,,
25-04-27 10:10:00,11.24,,,
25-04-27 10:20:00,11.40,,,
25-04-27 10:30:00,11.60,,,
25-04-27 10:40:00,11.66,,,
25-04-27 10:50:00,11.69,,,
25-04-27 11:00:00,11.75,,,
25-04-27 11:10:00,10.54,,,
25-04-27 11:20:00,9.36,,,
25-04-27 11:30:00,9.42,,,
25-04-27 11:40:00,9.34,,,
25-04-27 11:50:00,9.57,,,
25-04-27 12:00:00,9.62,,,
25-04-27 12:10:00,9.81,,,
25-04-27 12:20:00,9.98,,,
25-04-27 12:30:00,10.07,,,
25-04-27 12:40:00,10.24,,,
25-04-27 12:50:00,10.49,,,
25-04-27 13:00:00,10.72,,,
25-04-27 13:10:00,11.10,,,
25-04-27 13:20:00,11.55,,,
25-04-27 13:30:00,12.23,,,
25-04-27 13:40:00,12.45,,,
25-04-27 13:50:00,12.72,,,
25-04-27 14:00:00,12.50,,,
25-04-27 14:10:00,12.46,,,
25-04-27 14:20:00,12.48,,,
25-04-27 14:30:00,12.96,,,
25-04-27 14:40:00,13.08,,,
25-04-27 14:50:00,13.14,,,
25-04-27 15:00:00,13.29,,,
25-04-27 15:10:00,12.94,,,
25-04-27 15:20:00,13.40,,,
25-04-27 15:30:00,12.47,,,
25-04-27 15:40:00,12.59,,,
25-04-27 15:50:00,13.00,,,
25-04-27 16:00:00,13.20,,,
25-04-27 16:10:00,13.21,,,
25-04-27 16:20:00,12.93,,,
25-04-27 16:30:00,12.61,,,
25-04-27 16:40:00,12.57,,,
25-04-27 16:50:00,12.62,,,
25-04-27 17:00:00,12.81,,,
25-04-27 17:10:00,12.60,,,
25-04-27 17:20:00,12.95,,,
25-04-27 17:30:00,12.89,,,
25-04-27 17:40:00,13.33,,,
25-04-27 17:50:00,13.68,,,
25-04-27 18:00:00,14.23,,,
25-04-27 18:10:00,14.21,,,
25-04-27 18:20:00,14.07,,,
25-04-27 18:30:00,12.79,,,
25-04-27 18:40:00,12.57,,,
25-04-27 18:50:00,12.77,,,
25-04-27 19:00:00,12.50,,,
25-04-27 19:10:00,12.48,,,
25-04-27 19:20:00,12.52,,,
25-04-27 19:30:00,12.40,,,
25-04-27 19:40:00,12.55,,,
25-04-27 19:50:00,12.49,,,
25-04-27 20:00:00,12.48,,,
25-04-27 20:10:00,12.57,,,
25-04-27 20:20:00,12.15,,,
25-04-27 20:30:00,12.42,,,
25-04-27 20:40:00,11.82,,,
25-04-27 20:50:00,11.73,,,
25-04-27 21:00:00,11.86,,,
25-04-27 21:10:00,11.82,,,
25-04-27 21:20:00,12.04,,,
25-04-27 21:30:00,11.85,,,
25-04-27 21:40:00,11.78,,,
25-04-27 21:50:00,12.18,,,
25-04-27 22:00:00,11.47,,,
25-04-27 22:10:00,11.44,,,
25-04-27 22:20:00,11.52,,,
25-04-27 22:30:00,11.42,,,
25-04-27 22:40:00,11.53,,,
25-04-27 22:50:00,11.48,,,
25-04-27 23:00:00,11.29,,,
25-04-27 23:10:00,11.25,,,
25-04-27 23:20:00,11.20,,,
25-04-27 23:30:00,11.22,,,
25-04-27 23:40:00,11.17,,,
25-04-27 23:50:00,11.16,,,
25-04-28 00:00:00,11.11,,,
25-04-28 00:10:00,11.14,,,
25-04-28 00:20:00,11.13,,,
25-04-28 00:30:00,11.12,,,
25-04-28 00:40:00,11.11,,,
25-04-28 00:50:00,11.18,,,
25-04-28 01:00:00,11.16,,,
25-04-28 01:10:00,11.17,,,
25-04-28 01:20:00,11.15,,,
25-04-28 01:30:00,11.13,,,
25-04-28 01:40:00,11.13,,,
25-04-28 01:50:00,11.13,,,
25-04-28 02:00:00,11.16,,,
25-04-28 02:10:00,11.15,,,
25-04-28 02:20:00,11.16,,,
25-04-28 02:30:00,11.20,,,
25-04-28 02:40:00,11.27,,,
25-04-28 02:50:00,11.31,,,
25-04-28 03:00:00,11.38,,,
25-04-28 03:10:00,11.31,,,
25-04-28 03:20:00,11.29,,,
25-04-28 03:30:00,11.24,,,
25-04-28 03:40:00,11.24,,,
25-04-28 03:50:00,11.20,,,
25-04-28 04:00:00,11.23,,,
25-04-28 04:10:00,11.17,,,
25-04-28 04:20:00,11.19,,,
25-04-28 04:30:00,11.24,,,
25-04-28 04:40:00,11.85,,,
25-04-28 04:50:00,11.86,,,
25-04-28 05:00:00,11.85,,,
25-04-28 05:10:00,11.85,,,
25-04-28 05:20:00,11.82,,,
25-04-28 05:30:00,11.75,,,
25-04-28 05:40:00,11.69,,,
25-04-28 05:50:00,11.66,,,
25-04-28 06:00:00,11.64,,,
25-04-28 06:10:00,11.67,,,
25-04-28 06:20:00,11.58,,,
25-04-28 06:30:00,11.53,,,
25-04-28 06:40:00,11.49,,,
25-04-28 06:50:00,11.56,,,
25-04-28 07:00:00,11.53,,,
25-04-28 07:10:00,11.51,,,
25-04-28 07:20:00,11.44,,,
25-04-28 07:30:00,11.43,,,
25-04-28 07:40:00,11.43,,,
25-04-28 07:50:00,11.36,,,
25-04-28 08:00:00,11.43,,,
25-04-28 08:10:00,11.41,,,
25-04-28 08:20:00,11.44,,,
25-04-28 08:30:00,11.41,,,
25-04-28 08:40:00,11.38,,,
25-04-28 08:50:00,11.46,,,
25-04-28 09:00:00,11.40,,,
25-04-28 09:10:00,11.42,,,
25-04-28 09:20:00,11.44,,,
25-04-28 09:30:00,11.36,,,
25-04-28 09:40:00,11.40,,,
25-04-28 09:50:00,11.32,,,
25-04-28 10:00:00,11.19,,,
25-04-28 10:10:00,11.32,,,
25-04-28 10:20:00,11.33,,,
25-04-28 10:30:00,11.41,,,
25-04-28 10:40:00,11.34,,,
25-04-28 10:50:00,11.68,,,
25-04-28 11:00:00,11.72,,,
25-04-28 11:10:00,11.68,,,
25-04-28 11:20:00,11.68,,,
25-04-28 11:30:00,11.72,,,
25-04-28 11:40:00,11.77,,,
25-04-28 11:50:00,11.72,,,
25-04-28 12:00:00,11.76,,,
25-04-28 12:10:00,11.68,,,
25-04-28 12:20:00,11.63,,,
25-04-28 12:30:00,11.60,,,
25-04-28 12:40:00,11.67,,,
25-04-28 12:50:00,11.66,,,
25-04-28 13:00:00,11.63,,,
25-04-28 13:10:00,11.63,,,
25-04-28 13:20:00,11.60,,,
25-04-28 13:30:00,11.51,,,
25-04-28 13:40:00,11.58,,,
25-04-28 13:50:00,11.66,,,
25-04-28 14:00:00,11.64,,,
25-04-28 14:10:00,11.63,,,
25-04-28 14:20:00,11.49,,,
25-04-28 14:30:00,11.48,,,
25-04-28 14:40:00,11.39,,,
25-04-28 14:50:00,11.36,,,
25-04-28 15:00:00,11.43,,,
25-04-28 15:10:00,11.57,,,
25-04-28 15:20:00,11.41,,,
25-04-28 15:30:00,11.31,,,
25-04-28 15:40:00,11.22,,,
25-04-28 15:50:00,11.47,,,
25-04-28 16:00:00,11.31,,,
25-04-28 16:10:00,11.19,,,
25-04-28 16:20:00,11.36,,,
25-04-28 16:30:00,11.51,,,
25-04-28 16:40:00,11.54,,,
25-04-28 16:50:00,11.55,,,
25-04-28 17:00:00,11.64,,,
25-04-28 17:10:00,11.70,,,
25-04-28 17:20:00,11.73,,,
25-04-28 17:30:00,11.60,,,
25-04-28 17:40:00,11.53,,,
25-04-28 17:50:00,11.44,,,
25-04-28 18:00:00,11.38,,,
25-04-28 18:10:00,11.48,,,
25-04-28 18:20:00,11.49,,,
25-04-28 18:30:00,11.42,,,
25-04-28 18:40:00,11.31,,,
25-04-28 18:50:00,11.40,,,
25-04-28 19:00:00,11.44,,,
25-04-28 19:10:00,11.51,,,
25-04-28 19:20:00,11.68,,,
25-04-28 19:30:00,11.71,,,
25-04-28 19:40:00,11.60,,,
25-04-28 19:50:00,11.52,,,
25-04-28 20:00:00,11.49,,,
25-04-28 20:10:00,11.53,,,
25-04-28 20:20:00,11.38,,,
25-04-28 20:30:00,11.26,,,
25-04-28 20:40:00,11.29,,,
25-04-28 20:50:00,11.31,,,
25-04-28 21:00:00,11.26,,,
25-04-28 21:10:00,11.30,,,
25-04-28 21:20:00,11.31,,,
25-04-28 21:30:00,11.32,,,
25-04-28 21:40:00,11.30,,,
25-04-28 21:50:00,11.32,,,
25-04-28 22:00:00,11.14,,,
25-04-28 22:10:00,11.23,,,
25-04-28 22:20:00,11.19,,,
25-04-28 22:30:00,11.23,,,
25-04-28 22:40:00,11.11,,,
25-04-28 22:50:00,11.04,,,
25-04-28 23:00:00,11.00,,,
25-04-28 23:10:00,10.97,,,
25-04-28 23:20:00,10.96,,,
25-04-28 23:30:00,10.93,,,
25-04-28 23:40:00,10.93,,,
25-04-28 23:50:00,10.93,,,
25-04-29 00:00:00,10.88,,,
25-04-29 00:10:00,10.82,,,
25-04-29 00:20:00,10.84,,,
25-04-29 00:30:00,10.82,,,
25-04-29 00:40:00,10.78,,,
25-04-29 00:50:00,10.72,,,
25-04-29 01:00:00,10.72,,,
25-04-29 01:10:00,10.69,,,
25-04-29 01:20:00,10.66,,,
25-04-29 01:30:00,10.68,,,
25-04-29 01:40:00,10.71,,,
25-04-29 01:50:00,10.68,,,
25-04-29 02:00:00,10.67,,,
25-04-29 02:10:00,10.65,,,
25-04-29 02:20:00,10.64,,,
25-04-29 02:30:00,10.65,,,
25-04-29 02:40:00,10.67,,,
25-04-29 02:50:00,10.67,,,
25-04-29 03:00:00,10.73,,,
25-04-29 03:10:00,10.71,,,
25-04-29 03:20:00,10.70,,,
25-04-29 03:30:00,10.70,,,
25-04-29 03:40:00,10.72,,,
25-04-29 03:50:00,10.75,,,
25-04-29 04:00:00,10.73,,,
25-04-29 04:10:00,10.72,,,
25-04-29 04:20:00,10.70,,,
25-04-29 04:30:00,10.68,,,
25-04-29 04:40:00,10.69,,,
25-04-29 04:50:00,10.65,,,
25-04-29 05:00:00,10.67,,,
25-04-29 05:10:00,10.70,,,
25-04-29 05:20:00,10.65,,,
25-04-29 05:30:00,10.66,,,
25-04-29 05:40:00,10.65,,,
25-04-29 05:50:00,10.71,,,
25-04-29 06:00:00,10.70,,,
25-04-29 06:10:00,10.69,,,
25-04-29 06:20:00,10.56,,,
25-04-29 06:30:00,10.51,,,
25-04-29 06:40:00,10.46,,,
25-04-29 06:50:00,10.51,,,
25-04-29 07:00:00,10.49,,,
25-04-29 07:10:00,10.43,,,
25-04-29 07:20:00,10.46,,,
25-04-29 07:30:00,10.50,,,
25-04-29 07:40:00,10.44,,,
25-04-29 07:50:00,10.49,,,
25-04-29 08:00:00,10.43,,,
25-04-29 08:10:00,10.42,,,
25-04-29 08:20:00,10.42,,,
25-04-29 08:30:00,10.37,,,
25-04-29 08:40:00,10.46,,,
25-04-29 08:50:00,10.44,,,
25-04-29 09:00:00,10.49,,,
25-04-29 09:10:00,10.55,,,
25-04-29 09:20:00,10.46,,,
25-04-29 09:30:00,10.48,,,
25-04-29 09:40:00,10.53,,,
25-04-29 09:50:00,10.46,,,
25-04-29 10:00:00,10.45,,,
25-04-29 10:10:00,10.57,,,
25-04-29 10:20:00,10.60,,,
25-04-29 10:30:00,10.60,,,
25-04-29 10:40:00,10.63,,,
25-04-29 10:50:00,10.80,,,
25-04-29 11:00:00,10.65,,,
25-04-29 11:10:00,10.65,,,
25-04-29 11:20:00,10.71,,,
25-04-29 11:30:00,10.63,,,
25-04-29 11:40:00,10.83,,,
25-04-29 11:50:00,10.81,,,
25-04-29 12:00:00,10.87,,,
25-04-29 12:10:00,10.93,,,
25-04-29 12:20:00,10.85,,,
25-04-29 12:30:00,10.94,,,
25-04-29 12:40:00,11.05,,,
25-04-29 12:50:00,11.24,,,
25-04-29 13:00:00,11.18,,,
25-04-29 13:10:00,11.17,,,
25-04-29 13:20:00,11.18,,,
25-04-29 13:30:00,11.19,,,
25-04-29 13:40:00,11.19,,,
25-04-29 13:50:00,11.29,,,
25-04-29 14:00:00,11.23,,,
25-04-29 14:10:00,11.17,,,
25-04-29 14:20:00,11.19,,,
25-04-29 14:30:00,11.23,,,
25-04-29 14:40:00,11.19,,,
25-04-29 14:50:00,11.31,,,
25-04-29 15:00:00,11.22,,,
25-04-29 15:10:00,11.27,,,
25-04-29 15:20:00,11.16,,,
25-04-29 15:30:00,11.10,,,
25-04-29 15:40:00,11.18,,,
25-04-29 15:50:00,11.46,,,
25-04-29 16:00:00,11.58,,,
25-04-29 16:10:00,11.38,,,
25-04-29 16:20:00,11.59,,,
25-04-29 16:30:00,11.47,,,
25-04-29 16:40:00,11.13,,,
25-04-29 16:50:00,11.31,,,
25-04-29 17:00:00,11.43,,,
25-04-29 17:10:00,11.64,,,
25-04-29 17:20:00,11.42,,,
25-04-29 17:30:00,11.40,,,
25-04-29 17:40:00,11.19,,,
25-04-29 17:50:00,11.24,,,
25-04-29 18:00:00,11.53,,,
25-04-29 18:10:00,11.63,,,
25-04-29 18:20:00,11.36,,,
25-04-29 18:30:00,11.07,,,
25-04-29 18:40:00,11.16,,,
25-04-29 18:50:00,11.00,,,
25-04-29 19:00:00,11.07,,,
25-04-29 19:10:00,11.11,,,
25-04-29 19:20:00,10.98,,,
25-04-29 19:30:00,10.89,,,
25-04-29 19:40:00,10.87,,,
25-04-29 19:50:00,10.92,,,
25-04-29 20:00:00,10.92,,,
25-04-29 20:10:00,11.34,,,
25-04-29 20:20:00,11.03,,,
25-04-29 20:30:00,11.07,,,
25-04-29 20:40:00,10.98,,,
25-04-29 20:50:00,11.02,,,
25-04-29 21:00:00,11.09,,,
25-04-29 21:10:00,11.04,,,
25-04-29 21:20:00,11.12,,,
25-04-29 21:30:00,11.12,,,
25-04-29 21:40:00,11.12,,,
25-04-29 21:50:00,11.14,,,
25-04-29 22:00:00,11.11,,,
25-04-29 22:10:00,11.11,,,
25-04-29 22:20:00,10.89,,,
25-04-29 22:30:00,11.03,,,
25-04-29 22:40:00,11.18,,,
25-04-29 22:50:00,11.04,,,
25-04-29 23:00:00,11.10,,,
25-04-29 23:10:00,10.85,,,
25-04-29 23:20:00,10.70,,,
25-04-29 23:30:00,10.80,,,
25-04-29 23:40:00,10.73,,,
25-04-29 23:50:00,10.78,,,
25-04-30 00:00:00,10.84,,,
25-04-30 00:10:00,10.52,,,
25-04-30 00:20:00,10.55,,,
25-04-30 00:30:00,10.60,,,
25-04-30 00:40:00,10.60,,,
25-04-30 00:50:00,10.65,,,
25-04-30 01:00:00,10.69,,,
25-04-30 01:10:00,10.67,,,
25-04-30 01:20:00,10.67,,,
25-04-30 01:30:00,10.69,,,
25-04-30 01:40:00,10.69,,,
25-04-30 01:50:00,10.69,,,
25-04-30 02:00:00,10.74,,,
25-04-30 02:10:00,10.69,,,
25-04-30 02:20:00,10.72,,,
25-04-30 02:30:00,10.70,,,
25-04-30 02:40:00,10.70,,,
25-04-30 02:50:00,10.69,,,
25-04-30 03:00:00,10.68,,,
25-04-30 03:10:00,10.63,,,
25-04-30 03:20:00,10.60,,,
25-04-30 03:30:00,10.46,,,
25-04-30 03:40:00,10.50,,,
25-04-30 03:50:00,10.60,,,
25-04-30 04:00:00,10.63,,,
25-04-30 04:10:00,10.65,,,
25-04-30 04:20:00,10.67,,,
25-04-30 04:30:00,10.66,,,
25-04-30 04:40:00,10.64,,,
25-04-30 04:50:00,10.68,,,
25-04-30 05:00:00,10.68,,,
25-04-30 05:10:00,10.65,,,
25-04-30 05:20:00,10.60,,,
25-04-30 05:30:00,10.64,,,
25-04-30 05:40:00,10.62,,,
25-04-30 05:50:00,10.59,,,
25-04-30 06:00:00,10.62,,,
25-04-30 06:10:00,10.56,,,
25-04-30 06:20:00,10.43,,,
25-04-30 06:30:00,10.44,,,
25-04-30 06:40:00,10.34,,,
25-04-30 06:50:00,10.39,,,
25-04-30 07:00:00,10.53,,,
25-04-30 07:10:00,10.52,,,
25-04-30 07:20:00,10.39,,,
25-04-30 07:30:00,10.24,,,
25-04-30 07:40:00,10.43,,,
25-04-30 07:50:00,10.38,,,
25-04-30 08:00:00,10.46,,,
25-04-30 08:10:00,10.43,,,
25-04-30 08:20:00,10.73,,,
25-04-30 08:30:00,10.74,,,
25-04-30 08:40:00,10.67,,,
25-04-30 08:50:00,10.66,,,
25-04-30 09:00:00,10.66,,,
25-04-30 09:10:00,10.64,,,
25-04-30 09:20:00,10.55,,,
25-04-30 09:30:00,10.54,,,
25-04-30 09:40:00,10.46,,,
25-04-30 09:50:00,10.65,,,
25-04-30 10:00:00,10.57,,,
25-04-30 10:10:00,10.64,,,
25-04-30 10:20:00,10.78,,,
25-04-30 10:30:00,10.72,,,
25-04-30 10:40:00,10.79,,,
25-04-30 10:50:00,10.86,,,
25-04-30 11:00:00,10.85,,,
25-04-30 11:10:00,10.87,,,
25-04-30 11:20:00,10.88,,,
25-04-30 11:30:00,10.96,,,
25-04-30 11:40:00,10.95,,,
25-04-30 11:50:00,10.85,,,
25-04-30 12:00:00,11.03,,,
25-04-30 12:10:00,10.79,,,
25-04-30 12:20:00,10.98,,,
25-04-30 12:30:00,10.87,,,
25-04-30 12:40:00,11.25,,,
25-04-30 12:50:00,11.45,,,
25-04-30 13:00:00,11.78,,,
25-04-30 13:10:00,11.82,,,
25-04-30 13:20:00,11.73,,,
25-04-30 13:30:00,11.70,,,
25-04-30 13:40:00,11.38,,,
25-04-30 13:50:00,11.72,,,
25-04-30 14:00:00,11.39,,,
25-04-30 14:10:00,11.31,,,
25-04-30 14:20:00,11.42,,,
25-04-30 14:30:00,11.72,,,
25-04-30 14:40:00,11.66,,,
25-04-30 14:50:00,11.81,,,
25-04-30 15:00:00,11.63,,,
25-04-30 15:10:00,11.76,,,
25-04-30 15:20:00,11.67,,,
25-04-30 15:30:00,11.71,,,
25-04-30 15:40:00,11.77,,,
25-04-30 15:50:00,11.60,,,
25-04-30 16:00:00,11.56,,,
25-04-30 16:10:00,11.62,,,
25-04-30 16:20:00,11.57,,,
25-04-30 16:30:00,11.41,,,
25-04-30 16:40:00,11.51,,,
25-04-30 16:50:00,11.16,,,
25-04-30 17:00:00,11.43,,,
25-04-30 17:10:00,11.19,,,
25-04-30 17:20:00,11.44,,,
25-04-30 17:30:00,11.36,,,
25-04-30 17:40:00,10.93,,,
25-04-30 17:50:00,11.37,,,
25-04-30 18:00:00,11.40,,,
25-04-30 18:10:00,11.43,,,
25-04-30 18:20:00,11.13,,,
25-04-30 18:30:00,11.54,,,
25-04-30 18:40:00,11.71,,,
25-04-30 18:50:00,11.67,,,
25-04-30 19:00:00,11.58,,,
25-04-30 19:10:00,11.56,,,
25-04-30 19:20:00,11.79,,,
25-04-30 19:30:00,11.72,,,
25-04-30 19:40:00,11.49,,,
25-04-30 19:50:00,11.48,,,
25-04-30 20:00:00,11.27,,,
25-04-30 20:10:00,11.10,,,
25-04-30 20:20:00,11.51,,,
25-04-30 20:30:00,11.51,,,
25-04-30 20:40:00,11.45,,,
25-04-30 20:50:00,11.31,,,
25-04-30 21:00:00,11.24,,,
25-04-30 21:10:00,11.32,,,
25-04-30 21:20:00,11.32,,,
25-04-30 21:30:00,11.30,,,
25-04-30 21:40:00,11.34,,,
25-04-30 21:50:00,11.43,,,
25-04-30 22:00:00,11.27,,,
25-04-30 22:10:00,11.53,,,
25-04-30 22:20:00,11.38,,,
25-04-30 22:30:00,11.25,,,
25-04-30 22:40:00,11.19,,,
25-04-30 22:50:00,11.20,,,
25-04-30 23:00:00,11.10,,,
25-04-30 23:10:00,11.12,,,
25-04-30 23:20:00,11.05,,,
25-04-30 23:30:00,10.99,,,
25-04-30 23:40:00,11.02,,,
25-04-30 23:50:00,11.08,,,
25-05-01 00:00:00,11.05,,,
25-05-01 00:10:00,11.00,,,
25-05-01 00:20:00,11.00,,,
25-05-01 00:30:00,10.96,,,
25-05-01 00:40:00,11.10,,,
25-05-01 00:50:00,11.09,,,
25-05-01 01:00:00,11.05,,,
25-05-01 01:10:00,10.92,,,
25-05-01 01:20:00,10.90,,,
25-05-01 01:30:00,10.90,,,
25-05-01 01:40:00,10.97,,,
25-05-01 01:50:00,10.96,,,
25-05-01 02:00:00,10.86,,,
25-05-01 02:10:00,10.88,,,
25-05-01 02:20:00,10.90,,,
25-05-01 02:30:00,10.88,,,
25-05-01 02:40:00,10.87,,,
25-05-01 02:50:00,10.86,,,
25-05-01 03:00:00,10.82,,,
25-05-01 03:10:00,10.78,,,
25-05-01 03:20:00,10.73,,,
25-05-01 03:30:00,10.71,,,
25-05-01 03:40:00,10.73,,,
25-05-01 03:50:00,10.67,,,
25-05-01 04:00:00,10.69,,,
25-05-01 04:10:00,10.60,,,
25-05-01 04:20:00,10.66,,,
25-05-01 04:30:00,10.64,,,
25-05-01 04:40:00,10.62,,,
25-05-01 04:50:00,10.58,,,
25-05-01 05:00:00,10.57,,,
25-05-01 05:10:00,10.57,,,
25-05-01 05:20:00,10.55,,,
25-05-01 05:30:00,10.57,,,
25-05-01 05:40:00,10.57,,,
25-05-01 05:50:00,10.55,,,
25-05-01 06:00:00,10.57,,,
25-05-01 06:10:00,10.51,,,
25-05-01 06:20:00,10.44,,,
25-05-01 06:30:00,10.49,,,
25-05-01 06:40:00,10.36,,,
25-05-01 06:50:00,10.36,,,
25-05-01 07:00:00,10.35,,,
25-05-01 07:10:00,10.28,,,
25-05-01 07:20:00,10.29,,,
25-05-01 07:30:00,10.27,,,
25-05-01 07:40:00,10.31,,,
25-05-01 07:50:00,10.27,,,
25-05-01 08:00:00,10.26,,,
25-05-01 08:10:00,10.16,,,
25-05-01 08:20:00,10.20,,,
25-05-01 08:30:00,10.16,,,
25-05-01 08:40:00,10.29,,,
25-05-01 08:50:00,10.38,,,
25-05-01 09:00:00,10.43,,,
25-05-01 09:10:00,10.57,,,
25-05-01 09:20:00,10.46,,,
25-05-01 09:30:00,10.57,,,
25-05-01 09:40:00,10.51,,,
25-05-01 09:50:00,10.55,,,
25-05-01 10:00:00,10.62,,,
25-05-01 10:10:00,10.59,,,
25-05-01 10:20:00,10.72,,,
25-05-01 10:30:00,10.69,,,
25-05-01 10:40:00,10.59,,,
25-05-01 10:50:00,10.57,,,
25-05-01 11:00:00,10.99,,,
25-05-01 11:10:00,11.08,,,
25-05-01 11:20:00,10.90,,,
25-05-01 11:30:00,11.26,,,
25-05-01 11:40:00,11.51,,,
25-05-01 11:50:00,10.96,,,
25-05-01 12:00:00,11.42,,,
25-05-01 12:10:00,11.75,,,
25-05-01 12:20:00,12.07,,,
25-05-01 12:30:00,12.13,,,
25-05-01 12:40:00,12.27,,,
25-05-01 12:50:00,12.07,,,
25-05-01 13:00:00,12.22,,,
25-05-01 13:10:00,12.46,,,
25-05-01 13:20:00,12.43,,,
25-05-01 13:30:00,12.27,,,
25-05-01 13:40:00,11.99,,,
25-05-01 13:50:00,12.21,,,
25-05-01 14:00:00,11.76,,,
25-05-01 14:10:00,11.74,,,
25-05-01 14:20:00,11.85,,,
25-05-01 14:30:00,11.73,,,
25-05-01 14:40:00,11.68,,,
25-05-01 14:50:00,12.17,,,
25-05-01 15:00:00,12.27,,,
25-05-01 15:10:00,11.55,,,
25-05-01 15:20:00,12.01,,,
25-05-01 15:30:00,11.84,,,
25-05-01 15:40:00,11.72,,,
25-05-01 15:50:00,11.70,,,
25-05-01 16:00:00,11.98,,,
25-05-01 16:10:00,12.18,,,
25-05-01 16:20:00,11.77,,,
25-05-01 16:30:00,11.69,,,
25-05-01 16:40:00,11.48,,,
25-05-01 16:50:00,12.34,,,
25-05-01 17:00:00,12.12,,,
25-05-01 17:10:00,12.05,,,
25-05-01 17:20:00,12.56,,,
25-05-01 17:30:00,12.08,,,
25-05-01 17:40:00,11.90,,,
25-05-01 17:50:00,12.78,,,
25-05-01 18:00:00,13.18,,,
25-05-01 18:10:00,12.34,,,
25-05-01 18:20:00,12.35,,,
25-05-01 18:30:00,12.48,,,
25-05-01 18:40:00,12.64,,,
25-05-01 18:50:00,12.50,,,
25-05-01 19:00:00,12.08,,,
25-05-01 19:10:00,12.44,,,
25-05-01 19:20:00,12.28,,,
25-05-01 19:30:00,12.34,,,
25-05-01 19:40:00,12.06,,,
25-05-01 19:50:00,12.23,,,
25-05-01 20:00:00,12.17,,,
25-05-01 20:10:00,11.61,,,
25-05-01 20:20:00,12.26,,,
25-05-01 20:30:00,11.61,,,
25-05-01 20:40:00,11.54,,,
25-05-01 20:50:00,11.36,,,
25-05-01 21:00:00,11.25,,,
25-05-01 21:10:00,11.04,,,
25-05-01 21:20:00,10.85,,,
25-05-01 21:30:00,10.73,,,
25-05-01 21:40:00,10.96,,,
25-05-01 21:50:00,11.01,,,
25-05-01 22:00:00,11.24,,,
25-05-01 22:10:00,11.43,,,
25-05-01 22:20:00,11.98,,,
25-05-01 22:30:00,11.67,,,
25-05-01 22:40:00,11.31,,,
25-05-01 22:50:00,11.38,,,
25-05-01 23:00:00,11.52,,,
25-05-01 23:10:00,11.53,,,
25-05-01 23:20:00,11.32,,,
25-05-01 23:30:00,11.42,,,
25-05-01 23:40:00,11.05,,,
25-05-01 23:50:00,11.03,,,
25-05-02 00:00:00,11.05,,,
25-05-02 00:10:00,10.78,,,
25-05-02 00:20:00,10.77,,,
25-05-02 00:30:00,10.79,,,
25-05-02 00:40:00,10.82,,,
25-05-02 00:50:00,10.78,,,
25-05-02 01:00:00,10.78,,,
25-05-02 01:10:00,10.80,,,
25-05-02 01:20:00,10.81,,,
25-05-02 01:30:00,10.79,,,
25-05-02 01:40:00,10.65,,,
25-05-02 01:50:00,10.72,,,
25-05-02 02:00:00,10.70,,,
25-05-02 02:10:00,10.73,,,
25-05-02 02:20:00,10.72,,,
25-05-02 02:30:00,10.75,,,
25-05-02 02:40:00,10.71,,,
25-05-02 02:50:00,10.67,,,
25-05-02 03:00:00,10.67,,,
25-05-02 03:10:00,10.66,,,
25-05-02 03:20:00,10.67,,,
25-05-02 03:30:00,10.67,,,
25-05-02 03:40:00,10.64,,,
25-05-02 03:50:00,10.64,,,
25-05-02 04:00:00,10.64,,,
25-05-02 04:10:00,10.58,,,
25-05-02 04:20:00,10.59,,,
25-05-02 04:30:00,10.63,,,
25-05-02 04:40:00,10.58,,,
25-05-02 04:50:00,10.63,,,
25-05-02 05:00:00,10.63,,,
25-05-02 05:10:00,10.62,,,
25-05-02 05:20:00,10.57,,,
25-05-02 05:30:00,10.55,,,
25-05-02 05:40:00,10.50,,,
25-05-02 05:50:00,10.46,,,
25-05-02 06:00:00,10.53,,,
25-05-02 06:10:00,10.45,,,
25-05-02 06:20:00,10.39,,,
25-05-02 06:30:00,10.42,,,
25-05-02 06:40:00,10.37,,,
25-05-02 06:50:00,10.38,,,
25-05-02 07:00:00,10.41,,,
25-05-02 07:10:00,10.36,,,
25-05-02 07:20:00,10.30,,,
25-05-02 07:30:00,10.27,,,
25-05-02 07:40:00,10.37,,,
25-05-02 07:50:00,10.42,,,
25-05-02 08:00:00,10.33,,,
25-05-02 08:10:00,10.22,,,
25-05-02 08:20:00,10.29,,,
25-05-02 08:30:00,10.22,,,
25-05-02 08:40:00,10.24,,,
25-05-02 08:50:00,10.31,,,
25-05-02 09:00:00,10.42,,,
25-05-02 09:10:00,10.45,,,
25-05-02 09:20:00,10.43,,,
25-05-02 09:30:00,10.44,,,
25-05-02 09:40:00,10.53,,,
25-05-02 09:50:00,10.65,,,
25-05-02 10:00:00,10.79,,,
25-05-02 10:10:00,11.02,,,
25-05-02 10:20:00,10.96,,,
25-05-02 10:30:00,11.00,,,
25-05-02 10:40:00,11.57,,,
25-05-02 10:50:00,11.64,,,
25-05-02 11:00:00,11.60,,,
25-05-02 11:10:00,11.97,,,
25-05-02 11:20:00,11.74,,,
25-05-02 11:30:00,11.63,,,
25-05-02 11:40:00,11.64,,,
25-05-02 11:50:00,12.04,,,
25-05-02 12:00:00,12.34,,,
25-05-02 12:10:00,12.03,,,
25-05-02 12:20:00,12.07,,,
25-05-02 12:30:00,12.11,,,
25-05-02 12:40:00,12.14,,,
25-05-02 12:50:00,12.37,,,
25-05-02 13:00:00,12.69,,,
25-05-02 13:10:00,13.02,,,
25-05-02 13:20:00,13.05,,,
25-05-02 13:30:00,12.79,,,
25-05-02 13:40:00,12.27,,,
25-05-02 13:50:00,12.93,,,
25-05-02 14:00:00,12.43,,,
25-05-02 14:10:00,12.15,,,
25-05-02 14:20:00,12.77,,,
25-05-02 14:30:00,12.74,,,
25-05-02 14:40:00,12.49,,,
25-05-02 14:50:00,12.26,,,
25-05-02 15:00:00,12.67,,,
25-05-02 15:10:00,12.97,,,
25-05-02 15:20:00,12.40,,,
25-05-02 15:30:00,12.71,,,
25-05-02 15:40:00,13.04,,,
25-05-02 15:50:00,12.82,,,
25-05-02 16:00:00,12.76,,,
25-05-02 16:10:00,12.50,,,
25-05-02 16:20:00,12.85,,,
25-05-02 16:30:00,12.49,,,
25-05-02 16:40:00,12.20,,,
25-05-02 16:50:00,12.40,,,
25-05-02 17:00:00,12.31,,,
25-05-02 17:10:00,12.17,,,
25-05-02 17:20:00,12.06,,,
25-05-02 17:30:00,12.32,,,
25-05-02 17:40:00,12.08,,,
25-05-02 17:50:00,12.06,,,
25-05-02 18:00:00,11.75,,,
25-05-02 18:10:00,12.17,,,
25-05-02 18:20:00,11.79,,,
25-05-02 18:30:00,11.98,,,
25-05-02 18:40:00,12.15,,,
25-05-02 18:50:00,12.28,,,
25-05-02 19:00:00,12.19,,,
25-05-02 19:10:00,11.77,,,
25-05-02 19:20:00,11.71,,,
25-05-02 19:30:00,11.44,,,
25-05-02 19:40:00,11.74,,,
25-05-02 19:50:00,11.64,,,
25-05-02 20:00:00,11.92,,,
25-05-02 20:10:00,11.84,,,
25-05-02 20:20:00,11.76,,,
25-05-02 20:30:00,11.36,,,
25-05-02 20:40:00,11.40,,,
25-05-02 20:50:00,11.20,,,
25-05-02 21:00:00,11.27,,,
25-05-02 21:10:00,11.37,,,
25-05-02 21:20:00,11.39,,,
25-05-02 21:30:00,11.47,,,
25-05-02 21:40:00,11.63,,,
25-05-02 21:50:00,11.66,,,
25-05-02 22:00:00,11.69,,,
25-05-02 22:10:00,11.57,,,
25-05-02 22:20:00,11.42,,,
25-05-02 22:30:00,11.29,,,
25-05-02 22:40:00,11.30,,,
25-05-02 22:50:00,11.27,,,
25-05-02 23:00:00,11.41,,,
25-05-02 23:10:00,11.04,,,
25-05-02 23:20:00,10.90,,,
25-05-02 23:30:00,10.89,,,
25-05-02 23:40:00,11.04,,,
25-05-02 23:50:00,11.02,,,
25-05-03 00:00:00,11.27,,,
25-05-03 00:10:00,11.02,,,
25-05-03 00:20:00,10.97,,,
25-05-03 00:30:00,10.95,,,
25-05-03 00:40:00,10.94,,,
25-05-03 00:50:00,10.92,,,
25-05-03 01:00:00,10.95,,,
25-05-03 01:10:00,10.95,,,
25-05-03 01:20:00,10.97,,,
25-05-03 01:30:00,11.03,,,
25-05-03 01:40:00,11.10,,,
25-05-03 01:50:00,11.14,,,
25-05-03 02:00:00,11.13,,,
25-05-03 02:10:00,11.19,,,
25-05-03 02:20:00,11.19,,,
25-05-03 02:30:00,11.18,,,
25-05-03 02:40:00,11.15,,,
25-05-03 02:50:00,11.14,,,
25-05-03 03:00:00,11.17,,,
25-05-03 03:10:00,11.16,,,
25-05-03 03:20:00,11.16,,,
25-05-03 03:30:00,11.11,,,
25-05-03 03:40:00,11.10,,,
25-05-03 03:50:00,11.08,,,
25-05-03 04:00:00,11.05,,,
25-05-03 04:10:00,11.04,,,
25-05-03 04:20:00,11.03,,,
25-05-03 04:30:00,11.02,,,
25-05-03 04:40:00,11.01,,,
25-05-03 04:50:00,11.03,,,
25-05-03 05:00:00,11.02,,,
25-05-03 05:10:00,11.02,,,
25-05-03 05:20:00,10.99,,,
25-05-03 05:30:00,10.94,,,
25-05-03 05:40:00,10.94,,,
25-05-03 05:50:00,10.98,,,
25-05-03 06:00:00,11.01,,,
25-05-03 06:10:00,10.96,,,
25-05-03 06:20:00,10.98,,,
25-05-03 06:30:00,10.93,,,
25-05-03 06:40:00,10.93,,,
25-05-03 06:50:00,10.87,,,
25-05-03 07:00:00,10.89,,,
25-05-03 07:10:00,10.89,,,
25-05-03 07:20:00,10.81,,,
25-05-03 07:30:00,10.78,,,
25-05-03 07:40:00,10.83,,,
25-05-03 07:50:00,10.83,,,
25-05-03 08:00:00,10.83,,,
25-05-03 08:10:00,10.75,,,
25-05-03 08:20:00,10.72,,,
25-05-03 08:30:00,10.66,,,
25-05-03 08:40:00,10.64,,,
25-05-03 08:50:00,10.58,,,
25-05-03 09:00:00,10.59,,,
25-05-03 09:10:00,10.69,,,
25-05-03 09:20:00,10.84,,,
25-05-03 09:30:00,10.81,,,
25-05-03 09:40:00,10.82,,,
25-05-03 09:50:00,10.77,,,
25-05-03 10:00:00,10.78,,,
25-05-03 10:10:00,10.82,,,
25-05-03 10:20:00,10.90,,,
25-05-03 10:30:00,10.87,,,
25-05-03 10:40:00,11.05,,,
25-05-03 10:50:00,11.03,,,
25-05-03 11:00:00,10.97,,,
25-05-03 11:10:00,10.85,,,
25-05-03 11:20:00,11.11,,,
25-05-03 11:30:00,11.05,,,
25-05-03 11:40:00,11.00,,,
25-05-03 11:50:00,11.17,,,
25-05-03 12:00:00,11.16,,,
25-05-03 12:10:00,11.11,,,
25-05-03 12:20:00,11.19,,,
25-05-03 12:30:00,11.04,,,
25-05-03 12:40:00,11.08,,,
25-05-03 12:50:00,11.17,,,
25-05-03 13:00:00,11.43,,,
25-05-03 13:10:00,11.42,,,
25-05-03 13:20:00,11.48,,,
25-05-03 13:30:00,11.32,,,
25-05-03 13:40:00,11.36,,,
25-05-03 13:50:00,11.18,,,
25-05-03 14:00:00,11.24,,,
25-05-03 14:10:00,11.26,,,
25-05-03 14:20:00,11.17,,,
25-05-03 14:30:00,11.29,,,
25-05-03 14:40:00,11.19,,,
25-05-03 14:50:00,11.46,,,
25-05-03 15:00:00,11.60,,,
25-05-03 15:10:00,11.60,,,
25-05-03 15:20:00,11.87,,,
25-05-03 15:30:00,11.77,,,
25-05-03 15:40:00,11.96,,,
25-05-03 15:50:00,11.79,,,
25-05-03 16:00:00,11.84,,,
25-05-03 16:10:00,11.90,,,
25-05-03 16:20:00,12.17,,,
25-05-03 16:30:00,12.51,,,
25-05-03 16:40:00,12.47,,,
25-05-03 16:50:00,12.53,,,
25-05-03 17:00:00,12.46,,,
25-05-03 17:10:00,12.45,,,
25-05-03 17:20:00,12.52,,,
25-05-03 17:30:00,12.52,,,
25-05-03 17:40:00,12.52,,,
25-05-03 17:50:00,12.55,,,
25-05-03 18:00:00,12.58,,,
25-05-03 18:10:00,12.57,,,
25-05-03 18:20:00,12.55,,,
25-05-03 18:30:00,12.52,,,
25-05-03 18:40:00,12.59,,,
25-05-03 18:50:00,12.62,,,
25-05-03 19:00:00,12.50,,,
25-05-03 19:10:00,12.62,,,
25-05-03 19:20:00,12.60,,,
25-05-03 19:30:00,12.57,,,
25-05-03 19:40:00,12.51,,,
25-05-03 19:50:00,12.48,,,
25-05-03 20:00:00,12.55,,,
25-05-03 20:10:00,12.50,,,
25-05-03 20:20:00,12.52,,,
25-05-03 20:30:00,12.35,,,
25-05-03 20:40:00,12.46,,,
25-05-03 20:50:00,12.49,,,
25-05-03 21:00:00,12.47,,,
25-05-03 21:10:00,12.38,,,
25-05-03 21:20:00,12.38,,,
25-05-03 21:30:00,12.34,,,
25-05-03 21:40:00,12.33,,,
25-05-03 21:50:00,12.30,,,
25-05-03 22:00:00,12.26,,,
25-05-03 22:10:00,12.25,,,
25-05-03 22:20:00,12.26,,,
25-05-03 22:30:00,12.22,,,
25-05-03 22:40:00,12.23,,,
25-05-03 22:50:00,12.21,,,
25-05-03 23:00:00,12.08,,,
25-05-03 23:10:00,11.99,,,
25-05-03 23:20:00,12.14,,,
25-05-03 23:30:00,12.17,,,
25-05-03 23:40:00,12.07,,,
25-05-03 23:50:00,12.00,,,
25-05-04 00:00:00,12.01,,,
25-05-04 00:10:00,12.01,,,
25-05-04 00:20:00,11.93,,,
25-05-04 00:30:00,11.91,,,
25-05-04 00:40:00,12.00,,,
25-05-04 00:50:00,12.03,,,
25-05-04 01:00:00,12.06,,,
25-05-04 01:10:00,12.00,,,
25-05-04 01:20:00,12.04,,,
25-05-04 01:30:00,11.97,,,
25-05-04 01:40:00,11.99,,,
25-05-04 01:50:00,11.97,,,
25-05-04 02:00:00,12.03,,,
25-05-04 02:10:00,12.02,,,
25-05-04 02:20:00,12.02,,,
25-05-04 02:30:00,11.99,,,
25-05-04 02:40:00,11.98,,,
25-05-04 02:50:00,11.97,,,
25-05-04 03:00:00,11.90,,,
25-05-04 03:10:00,11.92,,,
25-05-04 03:20:00,11.91,,,
25-05-04 03:30:00,11.91,,,
25-05-04 03:40:00,11.92,,,
25-05-04 03:50:00,11.86,,,
25-05-04 04:00:00,11.86,,,
25-05-04 04:10:00,11.85,,,
25-05-04 04:20:00,11.87,,,
25-05-04 04:30:00,11.83,,,
25-05-04 04:40:00,11.83,,,
25-05-04 04:50:00,11.85,,,
25-05-04 05:00:00,11.87,,,
25-05-04 05:10:00,11.89,,,
25-05-04 05:20:00,11.86,,,
25-05-04 05:30:00,11.85,,,
25-05-04 05:40:00,11.86,,,
25-05-04 05:50:00,11.86,,,
25-05-04 06:00:00,11.86,,,
25-05-04 06:10:00,11.84,,,
25-05-04 06:20:00,11.85,,,
25-05-04 06:30:00,11.85,,,
25-05-04 06:40:00,11.84,,,
25-05-04 06:50:00,11.86,,,
25-05-04 07:00:00,11.85,,,
25-05-04 07:10:00,11.86,,,
25-05-04 07:20:00,11.86,,,
25-05-04 07:30:00,11.82,,,
25-05-04 07:40:00,11.83,,,
25-05-04 07:50:00,11.88,,,
25-05-04 08:00:00,11.92,,,
25-05-04 08:10:00,11.96,,,
25-05-04 08:20:00,11.97,,,
25-05-04 08:30:00,11.97,,,
25-05-04 08:40:00,11.94,,,
25-05-04 08:50:00,11.98,,,
25-05-04 09:00:00,11.99,,,
25-05-04 09:10:00,11.99,,,
25-05-04 09:20:00,12.02,,,
25-05-04 09:30:00,12.03,,,
25-05-04 09:40:00,11.99,,,
25-05-04 09:50:00,12.02,,,
25-05-04 10:00:00,12.08,,,
25-05-04 10:10:00,12.07,,,
25-05-04 10:20:00,12.07,,,
25-05-04 10:30:00,12.08,,,
25-05-04 10:40:00,12.11,,,
25-05-04 10:50:00,12.11,,,
25-05-04 11:00:00,12.13,,,
25-05-04 11:10:00,12.19,,,
25-05-04 11:20:00,12.20,,,
25-05-04 11:30:00,12.17,,,
25-05-04 11:40:00,12.20,,,
25-05-04 11:50:00,12.23,,,
25-05-04 12:00:00,12.26,,,
25-05-04 12:10:00,12.26,,,
25-05-04 12:20:00,12.19,,,
25-05-04 12:30:00,12.21,,,
25-05-04 12:40:00,12.23,,,
25-05-04 12:50:00,12.26,,,
25-05-04 13:00:00,12.28,,,
25-05-04 13:10:00,12.34,,,
25-05-04 13:20:00,12.41,,,
25-05-04 13:30:00,12.46,,,
25-05-04 13:40:00,12.47,,,
25-05-04 13:50:00,12.47,,,
25-05-04 14:00:00,12.48,,,
25-05-04 14:10:00,12.48,,,
25-05-04 14:20:00,12.48,,,
25-05-04 14:30:00,12.58,,,
25-05-04 14:40:00,12.50,,,
25-05-04 14:50:00,12.51,,,
25-05-04 15:00:00,12.50,,,
25-05-04 15:10:00,12.53,,,
25-05-04 15:20:00,12.60,,,
25-05-04 15:30:00,12.55,,,
25-05-04 15:40:00,12.60,,,
25-05-04 15:50:00,12.61,,,
25-05-04 16:00:00,12.62,,,
25-05-04 16:10:00,12.64,,,
25-05-04 16:20:00,12.66,,,
25-05-04 16:30:00,12.80,,,
25-05-04 16:40:00,12.74,,,
25-05-04 16:50:00,12.72,,,
25-05-04 17:00:00,12.70,,,
25-05-04 17:10:00,12.74,,,
25-05-04 17:20:00,12.79,,,
25-05-04 17:30:00,12.70,,,
25-05-04 17:40:00,12.73,,,
25-05-04 17:50:00,12.76,,,
25-05-04 18:00:00,12.95,,,
25-05-04 18:10:00,12.76,,,
25-05-04 18:20:00,12.76,,,
25-05-04 18:30:00,12.72,,,
25-05-04 18:40:00,12.70,,,
25-05-04 18:50:00,12.71,,,
25-05-04 19:00:00,12.74,,,
25-05-04 19:10:00,12.73,,,
25-05-04 19:20:00,12.69,,,
25-05-04 19:30:00,12.69,,,
25-05-04 19:40:00,12.69,,,
25-05-04 19:50:00,12.69,,,
25-05-04 20:00:00,12.64,,,
25-05-04 20:10:00,12.66,,,
25-05-04 20:20:00,12.65,,,
25-05-04 20:30:00,12.61,,,
25-05-04 20:40:00,12.61,,,
25-05-04 20:50:00,12.61,,,
25-05-04 21:00:00,12.61,,,
25-05-04 21:10:00,12.58,,,
25-05-04 21:20:00,12.57,,,
25-05-04 21:30:00,12.56,,,
25-05-04 21:40:00,12.57,,,
25-05-04 21:50:00,12.55,,,
25-05-04 22:00:00,12.56,,,
25-05-04 22:10:00,12.53,,,
25-05-04 22:20:00,12.51,,,
25-05-04 22:30:00,12.45,,,
25-05-04 22:40:00,12.46,,,
25-05-04 22:50:00,12.50,,,
25-05-04 23:00:00,12.47,,,
25-05-04 23:10:00,12.45,,,
25-05-04 23:20:00,12.45,,,
25-05-04 23:30:00,12.44,,,
25-05-04 23:40:00,12.43,,,
25-05-04 23:50:00,12.42,,,
25-05-05 00:00:00,12.38,,,
25-05-05 00:10:00,12.42,,,
25-05-05 00:20:00,12.43,,,
25-05-05 00:30:00,12.38,,,
25-05-05 00:40:00,12.37,,,
25-05-05 00:50:00,12.38,,,
25-05-05 01:00:00,12.33,,,
25-05-05 01:10:00,12.32,,,
25-05-05 01:20:00,12.33,,,
25-05-05 01:30:00,12.33,,,
25-05-05 01:40:00,12.34,,,
25-05-05 01:50:00,12.30,,,
25-05-05 02:00:00,12.29,,,
25-05-05 02:10:00,12.29,,,
25-05-05 02:20:00,12.30,,,
25-05-05 02:30:00,12.27,,,
25-05-05 02:40:00,12.29,,,
25-05-05 02:50:00,12.27,,,
25-05-05 03:00:00,12.25,,,
25-05-05 03:10:00,12.21,,,
25-05-05 03:20:00,12.17,,,
25-05-05 03:30:00,12.17,,,
25-05-05 03:40:00,12.17,,,
25-05-05 03:50:00,12.17,,,
25-05-05 04:00:00,12.23,,,
25-05-05 04:10:00,12.26,,,
25-05-05 04:20:00,12.25,,,
25-05-05 04:30:00,12.25,,,
25-05-05 04:40:00,12.22,,,
25-05-05 04:50:00,12.19,,,
25-05-05 05:00:00,12.21,,,
25-05-05 05:10:00,12.21,,,
25-05-05 05:20:00,12.16,,,
25-05-05 05:30:00,12.14,,,
25-05-05 05:40:00,12.12,,,
25-05-05 05:50:00,12.10,,,
25-05-05 06:00:00,12.04,,,
25-05-05 06:10:00,12.05,,,
25-05-05 06:20:00,12.05,,,
25-05-05 06:30:00,11.99,,,
25-05-05 06:40:00,11.99,,,
25-05-05 06:50:00,12.01,,,
25-05-05 07:00:00,12.03,,,
25-05-05 07:10:00,12.06,,,
25-05-05 07:20:00,12.11,,,
25-05-05 07:30:00,12.06,,,
25-05-05 07:40:00,12.12,,,
25-05-05 07:50:00,12.11,,,
25-05-05 08:00:00,11.90,,,
25-05-05 08:10:00,11.89,,,
25-05-05 08:20:00,11.85,,,
25-05-05 08:30:00,11.93,,,
25-05-05 08:40:00,11.87,,,
25-05-05 08:50:00,11.97,,,
25-05-05 09:00:00,11.96,,,
25-05-05 09:10:00,12.00,,,
25-05-05 09:20:00,12.05,,,
25-05-05 09:30:00,12.03,,,
25-05-05 09:40:00,12.03,,,
25-05-05 09:50:00,12.06,,,
25-05-05 10:00:00,12.10,,,
25-05-05 10:10:00,12.15,,,
25-05-05 10:20:00,12.15,,,
25-05-05 10:30:00,12.22,,,
25-05-05 10:40:00,12.43,,,
25-05-05 10:50:00,12.35,,,
25-05-05 11:00:00,12.33,,,
25-05-05 11:10:00,12.38,,,
25-05-05 11:20:00,12.45,,,
25-05-05 11:30:00,12.38,,,
25-05-05 11:40:00,12.33,,,
25-05-05 11:50:00,12.34,,,
25-05-05 12:00:00,12.31,,,
25-05-05 12:10:00,12.36,,,
25-05-05 12:20:00,12.65,,,
25-05-05 12:30:00,12.49,,,
25-05-05 12:40:00,12.86,,,
25-05-05 12:50:00,12.93,,,
25-05-05 13:00:00,12.77,,,
25-05-05 13:10:00,12.78,,,
25-05-05 13:20:00,12.85,,,
25-05-05 13:30:00,13.06,,,
25-05-05 13:40:00,12.85,,,
25-05-05 13:50:00,12.85,,,
25-05-05 14:00:00,12.74,,,
25-05-05 14:10:00,12.62,,,
25-05-05 14:20:00,12.70,,,
25-05-05 14:30:00,13.26,,,
25-05-05 14:40:00,13.08,,,
25-05-05 14:50:00,12.77,,,
25-05-05 15:00:00,12.93,,,
25-05-05 15:10:00,12.92,,,
25-05-05 15:20:00,12.96,,,
25-05-05 15:30:00,12.94,,,
25-05-05 15:40:00,13.29,,,
25-05-05 15:50:00,13.09,,,
25-05-05 16:00:00,12.97,,,
25-05-05 16:10:00,13.18,,,
25-05-05 16:20:00,13.01,,,
25-05-05 16:30:00,13.32,,,
25-05-05 16:40:00,13.50,,,
25-05-05 16:50:00,13.11,,,
25-05-05 17:00:00,13.09,,,
25-05-05 17:10:00,13.03,,,
25-05-05 17:20:00,13.45,,,
25-05-05 17:30:00,13.19,,,
25-05-05 17:40:00,12.90,,,
25-05-05 17:50:00,13.17,,,
25-05-05 18:00:00,13.08,,,
25-05-05 18:10:00,12.80,,,
25-05-05 18:20:00,13.11,,,
25-05-05 18:30:00,13.41,,,
25-05-05 18:40:00,13.80,,,
25-05-05 18:50:00,13.69,,,
25-05-05 19:00:00,13.14,,,
25-05-05 19:10:00,13.58,,,
25-05-05 19:20:00,13.20,,,
25-05-05 19:30:00,12.96,,,
25-05-05 19:40:00,12.92,,,
25-05-05 19:50:00,12.79,,,
25-05-05 20:00:00,12.70,,,
25-05-05 20:10:00,12.72,,,
25-05-05 20:20:00,12.57,,,
25-05-05 20:30:00,12.49,,,
25-05-05 20:40:00,12.44,,,
25-05-05 20:50:00,12.38,,,
25-05-05 21:00:00,12.40,,,
25-05-05 21:10:00,12.38,,,
25-05-05 21:20:00,12.37,,,
25-05-05 21:30:00,12.40,,,
25-05-05 21:40:00,12.37,,,
25-05-05 21:50:00,12.41,,,
25-05-05 22:00:00,12.40,,,
25-05-05 22:10:00,12.35,,,
25-05-05 22:20:00,12.32,,,
25-05-05 22:30:00,12.34,,,
25-05-05 22:40:00,12.36,,,
25-05-05 22:50:00,12.37,,,
25-05-05 23:00:00,12.30,,,
25-05-05 23:10:00,12.20,,,
25-05-05 23:20:00,12.29,,,
25-05-05 23:30:00,12.29,,,
25-05-05 23:40:00,12.30,,,
25-05-05 23:50:00,12.30,,,
25-05-06 00:00:00,12.29,,,
25-05-06 00:10:00,12.26,,,
25-05-06 00:20:00,12.21,,,
25-05-06 00:30:00,12.23,,,
25-05-06 00:40:00,12.26,,,
25-05-06 00:50:00,12.27,,,
25-05-06 01:00:00,12.23,,,
25-05-06 01:10:00,12.25,,,
25-05-06 01:20:00,12.29,,,
25-05-06 01:30:00,12.29,,,
25-05-06 01:40:00,12.30,,,
25-05-06 01:50:00,12.33,,,
25-05-06 02:00:00,12.32,,,
25-05-06 02:10:00,12.36,,,
25-05-06 02:20:00,12.29,,,
25-05-06 02:30:00,12.26,,,
25-05-06 02:40:00,12.25,,,
25-05-06 02:50:00,12.28,,,
25-05-06 03:00:00,12.22,,,
25-05-06 03:10:00,12.22,,,
25-05-06 03:20:00,12.25,,,
25-05-06 03:30:00,12.25,,,
25-05-06 03:40:00,12.27,,,
25-05-06 03:50:00,12.17,,,
25-05-06 04:00:00,12.10,,,
25-05-06 04:10:00,12.12,,,
25-05-06 04:20:00,12.10,,,
25-05-06 04:30:00,12.08,,,
25-05-06 04:40:00,12.01,,,
25-05-06 04:50:00,12.04,,,
25-05-06 05:00:00,12.10,,,
25-05-06 05:10:00,12.06,,,
25-05-06 05:20:00,12.04,,,
25-05-06 05:30:00,12.11,,,
25-05-06 05:40:00,12.04,,,
25-05-06 05:50:00,12.14,,,
25-05-06 06:00:00,12.11,,,
25-05-06 06:10:00,12.19,,,
25-05-06 06:20:00,12.10,,,
25-05-06 06:30:00,12.20,,,
25-05-06 06:40:00,12.13,,,
25-05-06 06:50:00,12.05,,,
25-05-06 07:00:00,11.99,,,
25-05-06 07:10:00,11.97,,,
25-05-06 07:20:00,11.97,,,
25-05-06 07:30:00,11.86,,,
25-05-06 07:40:00,11.93,,,
25-05-06 07:50:00,11.89,,,
25-05-06 08:00:00,11.87,,,
25-05-06 08:10:00,11.86,,,
25-05-06 08:20:00,11.79,,,
25-05-06 08:30:00,11.78,,,
25-05-06 08:40:00,11.74,,,
25-05-06 08:50:00,11.69,,,
25-05-06 09:00:00,11.77,,,
25-05-06 09:10:00,11.73,,,
25-05-06 09:20:00,11.75,,,
25-05-06 09:30:00,12.01,,,
25-05-06 09:40:00,12.48,,,
25-05-06 09:50:00,12.71,,,
25-05-06 10:00:00,12.32,,,
25-05-06 10:10:00,12.80,,,
25-05-06 10:20:00,12.72,,,
25-05-06 10:30:00,12.70,,,
25-05-06 10:40:00,12.78,,,
25-05-06 10:50:00,12.80,,,
25-05-06 11:00:00,12.74,,,
25-05-06 11:10:00,12.85,,,
25-05-06 11:20:00,13.02,,,
25-05-06 11:30:00,13.31,,,
25-05-06 11:40:00,13.09,,,
25-05-06 11:50:00,12.86,,,
25-05-06 12:00:00,13.52,,,
25-05-06 12:10:00,13.19,,,
25-05-06 12:20:00,13.20,,,
25-05-06 12:30:00,13.43,,,
25-05-06 12:40:00,13.65,,,
25-05-06 12:50:00,13.71,,,
25-05-06 13:00:00,13.38,,,
25-05-06 13:10:00,13.78,,,
25-05-06 13:20:00,13.45,,,
25-05-06 13:30:00,13.44,,,
25-05-06 13:40:00,13.49,,,
25-05-06 13:50:00,13.67,,,
25-05-06 14:00:00,13.60,,,
25-05-06 14:10:00,13.36,,,
25-05-06 14:20:00,13.54,,,
25-05-06 14:30:00,13.56,,,
25-05-06 14:40:00,13.41,,,
25-05-06 14:50:00,13.48,,,
25-05-06 15:00:00,13.19,,,
25-05-06 15:10:00,13.17,,,
25-05-06 15:20:00,13.34,,,
25-05-06 15:30:00,13.41,,,
25-05-06 15:40:00,13.55,,,
25-05-06 15:50:00,13.39,,,
25-05-06 16:00:00,13.56,,,
25-05-06 16:10:00,13.52,,,
25-05-06 16:20:00,13.38,,,
25-05-06 16:30:00,13.41,,,
25-05-06 16:40:00,13.44,,,
25-05-06 16:50:00,13.71,,,
25-05-06 17:00:00,13.46,,,
25-05-06 17:10:00,13.77,,,
25-05-06 17:20:00,13.40,,,
25-05-06 17:30:00,13.39,,,
25-05-06 17:40:00,13.07,,,
25-05-06 17:50:00,13.11,,,
25-05-06 18:00:00,13.20,,,
25-05-06 18:10:00,12.66,,,
25-05-06 18:20:00,12.67,,,
25-05-06 18:30:00,12.65,,,
25-05-06 18:40:00,12.64,,,
25-05-06 18:50:00,12.79,,,
25-05-06 19:00:00,12.84,,,
25-05-06 19:10:00,13.67,,,
25-05-06 19:20:00,12.80,,,
25-05-06 19:30:00,12.57,,,
25-05-06 19:40:00,12.77,,,
25-05-06 19:50:00,12.82,,,
25-05-06 20:00:00,14.03,,,
25-05-06 20:10:00,14.21,,,
25-05-06 20:20:00,14.19,,,
25-05-06 20:30:00,13.01,,,
25-05-06 20:40:00,12.53,,,
25-05-06 20:50:00,12.79,,,
25-05-06 21:00:00,12.47,,,
25-05-06 21:10:00,12.75,,,
25-05-06 21:20:00,13.20,,,
25-05-06 21:30:00,13.54,,,
25-05-06 21:40:00,13.35,,,
25-05-06 21:50:00,13.41,,,
25-05-06 22:00:00,13.09,,,
25-05-06 22:10:00,13.03,,,
25-05-06 22:20:00,13.00,,,
25-05-06 22:30:00,12.80,,,
25-05-06 22:40:00,12.92,,,
25-05-06 22:50:00,13.35,,,
25-05-06 23:00:00,13.80,,,
25-05-06 23:10:00,13.78,,,
25-05-06 23:20:00,13.26,,,
25-05-06 23:30:00,13.43,,,
25-05-06 23:40:00,14.08,,,
25-05-06 23:50:00,14.28,,,
25-05-07 00:00:00,14.01,,,
25-05-07 00:10:00,13.80,,,
25-05-07 00:20:00,13.58,,,
25-05-07 00:30:00,13.52,,,
25-05-07 00:40:00,13.33,,,
25-05-07 00:50:00,13.00,,,
25-05-07 01:00:00,13.29,,,
25-05-07 01:10:00,13.38,,,
25-05-07 01:20:00,13.24,,,
25-05-07 01:30:00,13.36,,,
25-05-07 01:40:00,13.55,,,
25-05-07 01:50:00,13.62,,,
25-05-07 02:00:00,13.60,,,
25-05-07 02:10:00,13.50,,,
25-05-07 02:20:00,13.53,,,
25-05-07 02:30:00,13.45,,,
25-05-07 02:40:00,13.34,,,
25-05-07 02:50:00,13.30,,,
25-05-07 03:00:00,13.24,,,
25-05-07 03:10:00,13.01,,,
25-05-07 03:20:00,12.87,,,
25-05-07 03:30:00,12.96,,,
25-05-07 03:40:00,12.81,,,
25-05-07 03:50:00,12.63,,,
25-05-07 04:00:00,12.34,,,
25-05-07 04:10:00,12.26,,,
25-05-07 04:20:00,12.10,,,
25-05-07 04:30:00,12.06,,,
25-05-07 04:40:00,11.92,,,
25-05-07 04:50:00,11.91,,,
25-05-07 05:00:00,11.83,,,
25-05-07 05:10:00,11.83,,,
25-05-07 05:20:00,11.90,,,
25-05-07 05:30:00,11.79,,,
25-05-07 05:40:00,11.86,,,
25-05-07 05:50:00,11.82,,,
25-05-07 06:00:00,11.78,,,
25-05-07 06:10:00,11.79,,,
25-05-07 06:20:00,12.08,,,
25-05-07 06:30:00,12.33,,,
25-05-07 06:40:00,12.43,,,
25-05-07 06:50:00,12.55,,,
25-05-07 07:00:00,12.72,,,
25-05-07 07:10:00,12.77,,,
25-05-07 07:20:00,12.87,,,
25-05-07 07:30:00,12.53,,,
25-05-07 07:40:00,12.45,,,
25-05-07 07:50:00,12.60,,,
25-05-07 08:00:00,12.67,,,
25-05-07 08:10:00,12.69,,,
25-05-07 08:20:00,12.67,,,
25-05-07 08:30:00,12.77,,,
25-05-07 08:40:00,12.51,,,
25-05-07 08:50:00,12.34,,,
25-05-07 09:00:00,12.50,,,
25-05-07 09:10:00,12.44,,,
25-05-07 09:20:00,12.52,,,
25-05-07 09:30:00,12.28,,,
25-05-07 09:40:00,12.45,,,
25-05-07 09:50:00,12.41,,,
25-05-07 10:00:00,12.23,,,
25-05-07 10:10:00,12.52,,,
25-05-07 10:20:00,12.41,,,
25-05-07 10:30:00,12.40,,,
25-05-07 10:40:00,12.42,,,
25-05-07 10:50:00,12.74,,,
25-05-07 11:00:00,12.67,,,
25-05-07 11:10:00,12.82,,,
25-05-07 11:20:00,12.73,,,
25-05-07 11:30:00,12.87,,,
25-05-07 11:40:00,12.89,,,
25-05-07 11:50:00,12.69,,,
25-05-07 12:00:00,13.02,,,
25-05-07 12:10:00,12.81,,,
25-05-07 12:20:00,13.01,,,
25-05-07 12:30:00,12.66,,,
25-05-07 12:40:00,13.29,,,
25-05-07 12:50:00,13.41,,,
25-05-07 13:00:00,13.39,,,
25-05-07 13:10:00,13.44,,,
25-05-07 13:20:00,13.48,,,
25-05-07 13:30:00,13.53,,,
25-05-07 13:40:00,13.33,,,
25-05-07 13:50:00,13.52,,,
25-05-07 14:00:00,13.31,,,
25-05-07 14:10:00,13.27,,,
25-05-07 14:20:00,13.22,,,
25-05-07 14:30:00,13.19,,,
25-05-07 14:40:00,13.63,,,
25-05-07 14:50:00,13.18,,,
25-05-07 15:00:00,13.52,,,
25-05-07 15:10:00,13.21,,,
25-05-07 15:20:00,14.11,,,
25-05-07 15:30:00,13.26,,,
25-05-07 15:40:00,13.41,,,
25-05-07 15:50:00,13.19,,,
25-05-07 16:00:00,12.72,,,
25-05-07 16:10:00,13.41,,,
25-05-07 16:20:00,13.82,,,
25-05-07 16:30:00,14.08,,,
25-05-07 16:40:00,13.27,,,
25-05-07 16:50:00,13.40,,,
25-05-07 17:00:00,13.25,,,
25-05-07 17:10:00,13.00,,,
25-05-07 17:20:00,13.64,,,
25-05-07 17:30:00,13.50,,,
25-05-07 17:40:00,13.53,,,
25-05-07 17:50:00,13.29,,,
25-05-07 18:00:00,13.20,,,
25-05-07 18:10:00,13.33,,,
25-05-07 18:20:00,13.35,,,
25-05-07 18:30:00,13.70,,,
25-05-07 18:40:00,13.71,,,
25-05-07 18:50:00,13.82,,,
25-05-07 19:00:00,13.96,,,
25-05-07 19:10:00,14.18,,,
25-05-07 19:20:00,13.74,,,
25-05-07 19:30:00,13.46,,,
25-05-07 19:40:00,13.59,,,
25-05-07 19:50:00,13.70,,,
25-05-07 20:00:00,13.67,,,
25-05-07 20:10:00,13.64,,,
25-05-07 20:20:00,13.65,,,
25-05-07 20:30:00,13.46,,,
25-05-07 20:40:00,13.39,,,
25-05-07 20:50:00,13.37,,,
25-05-07 21:00:00,13.33,,,
25-05-07 21:10:00,13.31,,,
25-05-07 21:20:00,13.22,,,
25-05-07 21:30:00,13.24,,,
25-05-07 21:40:00,13.22,,,
25-05-07 21:50:00,13.20,,,
25-05-07 22:00:00,13.04,,,
25-05-07 22:10:00,12.92,,,
25-05-07 22:20:00,12.86,,,
25-05-07 22:30:00,13.02,,,
25-05-07 22:40:00,13.06,,,
25-05-07 22:50:00,13.02,,,
25-05-07 23:00:00,13.01,,,
25-05-07 23:10:00,13.07,,,
25-05-07 23:20:00,13.29,,,
25-05-07 23:30:00,13.29,,,
25-05-07 23:40:00,13.29,,,
25-05-07 23:50:00,13.30,,,
25-05-08 00:00:00,13.22,,,
25-05-08 00:10:00,13.25,,,
25-05-08 00:20:00,13.25,,,
25-05-08 00:30:00,13.20,,,
25-05-08 00:40:00,13.23,,,
25-05-08 00:50:00,13.24,,,
25-05-08 01:00:00,13.17,,,
25-05-08 01:10:00,13.23,,,
25-05-08 01:20:00,13.25,,,
25-05-08 01:30:00,13.25,,,
25-05-08 01:40:00,13.23,,,
25-05-08 01:50:00,13.23,,,
25-05-08 02:00:00,13.20,,,
25-05-08 02:10:00,13.09,,,
25-05-08 02:20:00,13.06,,,
25-05-08 02:30:00,13.09,,,
25-05-08 02:40:00,13.11,,,
25-05-08 02:50:00,13.12,,,
25-05-08 03:00:00,13.11,,,
25-05-08 03:10:00,13.06,,,
25-05-08 03:20:00,12.97,,,
25-05-08 03:30:00,12.89,,,
25-05-08 03:40:00,12.93,,,
25-05-08 03:50:00,12.94,,,
25-05-08 04:00:00,12.91,,,
25-05-08 04:10:00,12.82,,,
25-05-08 04:20:00,12.84,,,
25-05-08 04:30:00,12.82,,,
25-05-08 04:40:00,12.77,,,
25-05-08 04:50:00,12.79,,,
25-05-08 05:00:00,12.90,,,
25-05-08 05:10:00,12.85,,,
25-05-08 05:20:00,12.78,,,
25-05-08 05:30:00,12.80,,,
25-05-08 05:40:00,12.78,,,
25-05-08 05:50:00,12.69,,,
25-05-08 06:00:00,12.71,,,
25-05-08 06:10:00,12.79,,,
25-05-08 06:20:00,12.70,,,
25-05-08 06:30:00,12.67,,,
25-05-08 06:40:00,12.67,,,
25-05-08 06:50:00,12.66,,,
25-05-08 07:00:00,12.65,,,
25-05-08 07:10:00,12.73,,,
25-05-08 07:20:00,12.67,,,
25-05-08 07:30:00,12.72,,,
25-05-08 07:40:00,12.72,,,
25-05-08 07:50:00,12.65,,,
25-05-08 08:00:00,12.65,,,
25-05-08 08:10:00,12.69,,,
25-05-08 08:20:00,12.66,,,
25-05-08 08:30:00,12.45,,,
25-05-08 08:40:00,13.77,,,
25-05-08 08:50:00,15.54,,,
25-05-08 09:00:00,16.78,,,
25-05-08 09:10:00,16.54,,,
25-05-08 09:20:00,16.46,,,
25-05-08 09:30:00,17.85,,,
25-05-08 09:40:00,18.42,,,
25-05-08 09:50:00,19.50,,,
25-05-08 10:00:00,20.36,,,
25-05-08 10:10:00,21.09,,,
25-05-08 10:20:00,20.50,,,
25-05-08 10:30:00,16.96,,,
25-05-08 10:40:00,16.86,,,
25-05-08 10:50:00,19.66,,,
25-05-08 11:00:00,20.90,,,
25-05-08 11:10:00,20.36,,,
25-05-08 11:20:00,21.49,,,
25-05-08 11:30:00,22.94,,,
25-05-08 11:39:18,,Out,,
25-05-08 11:40:00,23.81,,,
25-05-08 11:50:00,23.24,,,
25-05-08 12:00:00,24.34,,,
25-05-08 12:10:00,23.62,,,
25-05-08 12:20:00,25.32,,,
25-05-08 12:30:00,25.74,,,
25-05-08 12:40:00,25.60,,,
25-05-08 12:50:00,25.19,,,
25-05-08 13:00:00,25.02,,,
25-05-08 13:10:00,26.47,,,
25-05-08 13:20:00,27.05,,,
25-05-08 13:30:00,27.56,,,
25-05-08 13:40:00,28.14,,,
25-05-08 13:50:00,29.32,,,
25-05-08 14:00:00,29.52,,,
25-05-08 14:10:00,29.24,,,
25-05-08 14:20:00,29.52,,,
25-05-08 14:24:03,,In,Logged,Logged
